Date-Time,Focal,Weather,Temperature (F),START,END,CONTINUOUS Behaviors,Social Partner(s),START,END,CONTINUOUS Behaviors,Social Partner(s),START,END,CONTINUOUS Behaviors,Social Partner(s),START,END,CONTINUOUS Behaviors,Social Partner(s),START,END,CONTINUOUS Behaviors,Social Partner(s),START,END,CONTINUOUS Behaviors,Social Partner(s),START,END,CONTINUOUS Behaviors,Social Partner(s),START,END,CONTINUOUS Behaviors,Social Partner(s),START,END,CONTINUOUS Behaviors,Social Partner(s),START,END,CONTINUOUS Behaviors,Social Partner(s),START,END,CONTINUOUS Behaviors,Social Partner(s),START,END,CONTINUOUS Behaviors,Social Partner(s),START,END,CONTINUOUS Behaviors,Social Partner(s),START,END,CONTINUOUS Behaviors,Social Partner(s),START,END,CONTINUOUS Behaviors,Social Partner(s),START,END,CONTINUOUS Behaviors,Social Partner(s),START,END,CONTINUOUS Behaviors,Social Partner(s),START,END,CONTINUOUS Behaviors,Social Partner(s),START,END,CONTINUOUS Behaviors,Social Partner(s),START,END,CONTINUOUS Behaviors,Social Partner(s),START,END,CONTINUOUS Behaviors,Social Partner(s),START,END,CONTINUOUS Behaviors,Social Partner(s),START,END,CONTINUOUS Behaviors,Social Partner(s),START,END,CONTINUOUS Behaviors,Social Partner(s),START,END,CONTINUOUS Behaviors,Social Partner(s),START,END,CONTINUOUS Behaviors,Social Partner(s),START,END,CONTINUOUS Behaviors,Social Partner(s),START,END,CONTINUOUS Behaviors,Social Partner(s),START,END,CONTINUOUS Behaviors,Social Partner(s),START,END,CONTINUOUS Behaviors,Social Partner(s),START,END,CONTINUOUS Behaviors,Social Partner(s),START,END,CONTINUOUS Behaviors,Social Partner(s),1,2,3,4,5,6,7,8,TLY 1,TLY 2,TLY 3,TLY 4,TLY 5,TLY 6,TLY 7,TLY 8,ART 1,ART 2,ART 3,ART 4,ART 5,ART 6,ART 7,ART 8,CJA 1,CJA 2,CJA 3,CJA 4,CJA 5,CJA 6,CJA 7,CJA 8,Notes
07/31/2026 02:30 PM,Calamity Jane,Sunny,92,242,251,Stress-Related - Vigilance,,302,309,Stress-Related - Vigilance,,309,313,Stress-Related - Self-scratch,,313,317,Stress-Related - Self-groom,,317,330,Stress-Related - Vigilance,,417,507,Stress-Related - Vigilance,,449,452,Stress-Related - Yawn,,858,907,Stress-Related - Vigilance,,948,1017,Stress-Related - Vigilance,,1028,1055,Stress-Related - Vigilance,,1040,1043,Stress-Related - Yawn,,1129,1132,Affiliative - Greet,Terri-Lynn,1134,1220,Affiliative - Mutual grooming,Terri-Lynn,1220,1228,Stress-Related - Vigilance,,1228,1250,Affiliative - Give grooming,Terri-Lynn,1250,1330,Affiliative - Mutual grooming,Terri-Lynn,1330,1353,Affiliative - Give grooming,Terri-Lynn,1355,1411,Stress-Related - Vigilance,,1418,1500,Stress-Related - Vigilance,,,,,,,,,,,,,,,,,,,,,,,,,,,,,,,,,,,,,,,,,,,,,,,,,,,,,,Rest,Rest,Rest,Rest,Rest,Other,Social,Other,2-5 m,2-5 m,2-5 m,2-5 m,2-5 m,2-5 m,Body contact,2-5 m,Over 5 m,Over 5 m,Over 5 m,Over 5 m,Over 5 m,Over 5 m,Over 5 m,2-5 m,,,,,,,,,
07/31/2026 02:18 PM,Artemis,Sunny,92,824,835,Stress-Related - Self-groom,,,,,,,,,,,,,,,,,,,,,,,,,,,,,,,,,,,,,,,,,,,,,,,,,,,,,,,,,,,,,,,,,,,,,,,,,,,,,,,,,,,,,,,,,,,,,,,,,,,,,,,,,,,,,,,,,,,,,,,,,,,,,,Rest,Rest,Rest,Rest,Rest,Rest,Rest,Rest,Over 5 m,Over 5 m,Over 5 m,Over 5 m,Over 5 m,Over 5 m,Over 5 m,Over 5 m,,,,,,,,,Over 5 m,Over 5 m,Over 5 m,Over 5 m,Over 5 m,Over 5 m,Over 5 m,Over 5 m,
07/31/2026 02:02 PM,Terri-Lynn,Sunny,92,909,919,Stress-Related - Self-groom,,919,933,Stress-Related - Vigilance,,941,943,Stress-Related - Yawn,,1038,1041,Stress-Related - Vigilance,,1111,1148,Stress-Related - Vigilance,,1245,1251,Stress-Related - Vigilance,,1334,1340,Stress-Related - Vigilance,,,,,,,,,,,,,,,,,,,,,,,,,,,,,,,,,,,,,,,,,,,,,,,,,,,,,,,,,,,,,,,,,,,,,,,,,,,,,,,,,,,,,,,,,,,,,,,,,,,,,,Rest,Rest,Rest,Rest,Rest,Rest,Rest,Rest,,,,,,,,,Over 5 m,Over 5 m,Over 5 m,Over 5 m,Over 5 m,Over 5 m,Over 5 m,Over 5 m,2-5 m,2-5 m,2-5 m,2-5 m,2-5 m,2-5 m,2-5 m,2-5 m,
07/27/2026 03:00 PM,Terri-Lynn,Sunny,93,0,144,Stress-Related - Vigilance,,200,213,Stress-Related - Self-groom,,213,412,Stress-Related - Vigilance,,412,415,Stress-Related - Self-groom,,415,506,Stress-Related - Vigilance,,532,546,Stress-Related - Vigilance,,654,712,Stress-Related - Vigilance,,816,824,Stress-Related - Self-groom,,824,1007,Stress-Related - Vigilance,,1007,1017,Stress-Related - Self-groom,,1017,1204,Stress-Related - Vigilance,,1209,1215,Stress-Related - Self-groom,,1215,1244,Stress-Related - Vigilance,,1244,1250,Stress-Related - Self-groom,,1257,1325,Stress-Related - Self-groom,,1330,1337,Stress-Related - Vigilance,,1340,1352,Stress-Related - Self-groom,,1352,1405,Stress-Related - Vigilance,,,,,,,,,,,,,,,,,,,,,,,,,,,,,,,,,,,,,,,,,,,,,,,,,,,,,,,,,,Other,Other,Other,Rest,Other,Other,Other,Other,,,,,,,,,Less than 2 m,2-5 m,2-5 m,2-5 m,2-5 m,Less than 2 m,2-5 m,2-5 m,Over 5 m,Over 5 m,Over 5 m,Over 5 m,Over 5 m,Over 5 m,Over 5 m,Over 5 m,
07/27/2026 02:02 PM,Calamity Jane,Sunny,92,41,101,Stress-Related - Vigilance,,248,423,Stress-Related - Vigilance,,441,605,Stress-Related - Vigilance,,626,634,Stress-Related - Vigilance,,703,728,Stress-Related - Vigilance,,750,755,Stress-Related - Vigilance,,755,812,Stress-Related - Self-groom,,820,844,Affiliative - Mutual grooming,Terri-Lynn,850,854,Stress-Related - Self-scratch,,854,902,Stress-Related - Self-groom,,902,938,Stress-Related - Vigilance,,938,944,Stress-Related - Self-scratch,,944,1014,Stress-Related - Vigilance,,1014,1058,Stress-Related - Self-groom,,1104,1233,Affiliative - Contact sit,Artemis,1115,1135,Stress-Related - Self-groom,,1145,1157,Stress-Related - Vigilance,,1157,1201,Affiliative - Give grooming,Artemis,1216,1313,Stress-Related - Vigilance,,1321,1349,Affiliative - Mutual grooming,Artemis,1349,1409,Affiliative - Give grooming,Artemis,1431,1447,Affiliative - Contact sit,,1437,1500,Affiliative - Mutual grooming,Artemis,,,,,,,,,,,,,,,,,,,,,,,,,,,,,,,,,,,,,Rest,Rest,Other,Other,Other,Other,Social,Social,Less than 2 m,Less than 2 m,Less than 2 m,Less than 2 m,Less than 2 m,Less than 2 m,Less than 2 m,Less than 2 m,Less than 2 m,Less than 2 m,Less than 2 m,Less than 2 m,Less than 2 m,Less than 2 m,Body contact,Body contact,,,,,,,,,
07/27/2026 01:46 PM,Artemis,Sunny,92,0,609,Affiliative - Contact sit,Terri-Lynn,134,140,Stress-Related - Self-groom,,144,222,Affiliative - Mutual grooming,Terri-Lynn,829,831,Stress-Related - Vigilance,,938,944,Stress-Related - Vigilance,,957,1002,Stress-Related - Vigilance,,1010,1017,Stress-Related - Vigilance,,1041,1045,Stress-Related - Head throw-back,,1105,1117,Stress-Related - Self-groom,,1217,1227,Stress-Related - Vigilance,,,,,,,,,,,,,,,,,,,,,,,,,,,,,,,,,,,,,,,,,,,,,,,,,,,,,,,,,,,,,,,,,,,,,,,,,,,,,,,,,,,,,,,,,,Rest,Social,Rest,Rest,Rest,Other,Rest,Rest,Body contact,Body contact,Body contact,Body contact,Less than 2 m,Less than 2 m,Less than 2 m,Less than 2 m,,,,,,,,,Less than 2 m,Less than 2 m,Less than 2 m,Less than 2 m,Less than 2 m,Less than 2 m,Less than 2 m,Less than 2 m,
07/27/2026 12:23 PM,Terri-Lynn,Sunny,89,46,49,Stress-Related - Vigilance,,50,54,Stress-Related - Self-scratch,,54,117,Stress-Related - Vigilance,,135,137,Stress-Related - Vigilance,,741,821,Stress-Related - Vigilance,,1010,1015,Stress-Related - Vigilance,,1347,1404,Stress-Related - Vigilance,,,,,,,,,,,,,,,,,,,,,,,,,,,,,,,,,,,,,,,,,,,,,,,,,,,,,,,,,,,,,,,,,,,,,,,,,,,,,,,,,,,,,,,,,,,,,,,,,,,,,,Rest,Rest,Rest,Rest,Other,Rest,Rest,Other,,,,,,,,,2-5 m,2-5 m,2-5 m,2-5 m,Over 5 m,2-5 m,2-5 m,Over 5 m,Over 5 m,Over 5 m,Over 5 m,Over 5 m,Over 5 m,Over 5 m,Over 5 m,Over 5 m,
07/24/2026 02:56 PM,Calamity Jane,Sunny,95,1048,1056,Stress-Related - Vigilance,,1110,1129,Stress-Related - Vigilance,,1132,1136,Stress-Related - Yawn,,1136,1155,Stress-Related - Self-groom,,1155,1159,Stress-Related - Vigilance,,1159,1224,Stress-Related - Self-groom,,1229,1415,Stress-Related - Vigilance,,1235,1252,Affiliative - Contact sit,Artemis,,,,,1415,1421,Stress-Related - Self-groom,,,,,,,,,,,,,,,,,,,,,,,,,,,,,,,,,,,,,,,,,,,,,,,,,,,,,,,,,,,,,,,,,,,,,,,,,,,,,,,,,,,,,,,,,,Rest,Rest,Rest,Rest,Rest,Rest,Other,Other,Less than 2 m,Less than 2 m,Less than 2 m,Less than 2 m,Less than 2 m,Less than 2 m,Less than 2 m,Less than 2 m,Less than 2 m,Less than 2 m,Less than 2 m,Less than 2 m,Less than 2 m,Less than 2 m,Less than 2 m,Over 5 m,,,,,,,,,
07/24/2026 02:41 PM,Artemis,Sunny,95,202,204,Stress-Related - Yawn,,205,211,Stress-Related - Self-groom,,546,557,Stress-Related - Vigilance,,753,756,Stress-Related - Vigilance,,,,,,,,,,,,,,,,,,,,,,,,,,,,,,,,,,,,,,,,,,,,,,,,,,,,,,,,,,,,,,,,,,,,,,,,,,,,,,,,,,,,,,,,,,,,,,,,,,,,,,,,,,,,,,,,,,Rest,Rest,Rest,Rest,Rest,Rest,Rest,Rest,Less than 2 m,Less than 2 m,Less than 2 m,Less than 2 m,Less than 2 m,Less than 2 m,Less than 2 m,Less than 2 m,,,,,,,,,Less than 2 m,Less than 2 m,Less than 2 m,Less than 2 m,Less than 2 m,Less than 2 m,Less than 2 m,Less than 2 m,
07/24/2026 12:53 PM,Terri-Lynn,Sunny,93,14,29,Stress-Related - Vigilance,,31,40,Stress-Related - Self-groom,,54,56,Stress-Related - Self-scratch,,107,207,Stress-Related - Vigilance,,234,329,Stress-Related - Vigilance,,332,336,Stress-Related - Self-scratch,,338,356,Stress-Related - Self-groom,,401,447,Stress-Related - Vigilance,,527,540,Stress-Related - Vigilance,,543,546,Stress-Related - Yawn,,550,609,Stress-Related - Vigilance,,817,946,Stress-Related - Vigilance,,1024,1030,Affiliative - Greet,Artemis,1035,1040,Agonistic - Displace,Artemis,1118,1130,Stress-Related - Self-groom,,1130,1146,Stress-Related - Vigilance,,1237,1500,Stress-Related - Vigilance,,,,,,,,,,,,,,,,,,,,,,,,,,,,,,,,,,,,,,,,,,,,,,,,,,,,,,,,,,,,,,Other,Other,Other,Other,Other,Locomotion,Other,Other,,,,,,,,,Less than 2 m,Over 5 m,Over 5 m,Over 5 m,Over 5 m,2-5 m,2-5 m,Over 5 m,2-5 m,2-5 m,2-5 m,2-5 m,2-5 m,Over 5 m,Over 5 m,Over 5 m,
07/22/2026 02:28 PM,Calamity Jane,Cloudy,90,319,321,Stress-Related - Yawn,,323,338,Stress-Related - Vigilance,,415,427,Stress-Related - Vigilance,,430,439,Stress-Related - Self-groom,,439,500,Stress-Related - Vigilance,,500,511,Stress-Related - Self-groom,,521,525,Stress-Related - Self-scratch,,546,643,Stress-Related - Self-groom,,643,651,Stress-Related - Vigilance,,659,827,Stress-Related - Self-groom,,849,859,Stress-Related - Vigilance,,,,,,,,,,,,,,,,,,,,,,,,,,,,,,,,,,,,,,,,,,,,,,,,,,,,,,,,,,,,,,,,,,,,,,,,,,,,,,,,,,,,,,Rest,Rest,Rest,Other,Other,Rest,Rest,Rest,Less than 2 m,Less than 2 m,Less than 2 m,Less than 2 m,2-5 m,2-5 m,2-5 m,2-5 m,Over 5 m,Over 5 m,Over 5 m,2-5 m,2-5 m,Less than 2 m,Less than 2 m,Less than 2 m,,,,,,,,,
07/22/2026 02:16 PM,Terri-Lynn,Cloudy,90,312,314,Stress-Related - Vigilance,,503,506,Stress-Related - Vigilance,,554,603,Stress-Related - Vigilance,,603,608,Stress-Related - Self-groom,,724,1039,Affiliative - Contact sit,Calamity Jane,1042,1103,Stress-Related - Vigilance,,1302,1332,Stress-Related - Self-groom,,1342,1346,Stress-Related - Self-scratch,,1354,1404,Stress-Related - Self-groom,,,,,,,,,,,,,,,,,,,,,,,,,,,,,,,,,,,,,,,,,,,,,,,,,,,,,,,,,,,,,,,,,,,,,,,,,,,,,,,,,,,,,,,,,,,,,,Rest,Rest,Rest,Other,Rest,Rest,Rest,Other,,,,,,,,,Over 5 m,Over 5 m,Over 5 m,Over 5 m,Over 5 m,Over 5 m,Over 5 m,Over 5 m,Less than 2 m,Less than 2 m,Less than 2 m,Less than 2 m,Body contact,Body contact,Less than 2 m,Less than 2 m,
07/22/2026 11:29 AM,Artemis,Cloudy,90,0,220,Affiliative - Contact sit,Calamity Jane,0,37,Stress-Related - Vigilance,,49,118,Stress-Related - Vigilance,,127,208,Affiliative - Mutual grooming,Calamity Jane,223,303,Stress-Related - Vigilance,,436,445,Stress-Related - Self-groom,,453,456,Stress-Related - Self-groom,,744,817,Stress-Related - Vigilance,,822,838,Stress-Related - Vigilance,,930,937,Stress-Related - Vigilance,,1009,1137,Stress-Related - Vigilance,,1243,1329,Stress-Related - Vigilance,,1349,1358,Stress-Related - Vigilance,,1407,1500,Stress-Related - Vigilance,,,,,,,,,,,,,,,,,,,,,,,,,,,,,,,,,,,,,,,,,,,,,,,,,,,,,,,,,,,,,,,,,,,,,,,,,,Other,Social,Other,Rest,Other,Rest,Rest,Locomotion,Over 5 m,Over 5 m,Over 5 m,Over 5 m,Over 5 m,2-5 m,2-5 m,Over 5 m,,,,,,,,,Body contact,Body contact,2-5 m,2-5 m,2-5 m,2-5 m,2-5 m,Over 5 m,
07/20/2026 12:24 PM,Artemis,Sunny,92,0,318,Stress-Related - Vigilance,,334,347,Stress-Related - Vigilance,,414,420,Stress-Related - Vigilance,,325,341,Stress-Related - Vigilance,,615,628,Stress-Related - Vigilance,,605,705,Stress-Related - Pacing,,706,726,Affiliative - Contact sit,Calamity Jane,707,726,Affiliative - Mutual grooming,Calamity Jane,726,753,Stress-Related - Vigilance,,753,757,Stress-Related - Self-groom,,757,1041,Stress-Related - Vigilance,,1056,1123,Stress-Related - Vigilance,,1132,1138,Stress-Related - Vigilance,,1144,1236,Stress-Related - Vigilance,,1254,1320,Stress-Related - Vigilance,,1341,1447,Stress-Related - Vigilance,,,,,,,,,,,,,,,,,,,,,,,,,,,,,,,,,,,,,,,,,,,,,,,,,,,,,,,,,,,,,,,,,,Other,Other,Locomotion,Other,Other,Other,Other,Other,2-5 m,2-5 m,2-5 m,2-5 m,Over 5 m,Over 5 m,2-5 m,Over 5 m,,,,,,,,,2-5 m,2-5 m,2-5 m,2-5 m,2-5 m,2-5 m,Over 5 m,Over 5 m,
07/20/2026 12:05 PM,Terri-Lynn,Sunny,92,56,145,Stress-Related - Vigilance,,145,149,Stress-Related - Self-groom,,152,213,Stress-Related - Vigilance,,259,337,Affiliative - Contact sit,Artemis,302,332,Affiliative - Mutual grooming,Artemis,332,553,Stress-Related - Vigilance,,630,716,Affiliative - Contact sit,Artemis,639,644,Stress-Related - Vigilance,,658,707,Stress-Related - Self-groom,,721,752,Stress-Related - Vigilance,,1028,1048,Stress-Related - Vigilance,,1127,1141,Stress-Related - Vigilance,,1144,1151,Stress-Related - Self-groom,,1158,1201,Stress-Related - Self-scratch,,1205,1222,Stress-Related - Self-groom,,1226,1236,Stress-Related - Vigilance,,1238,1247,Stress-Related - Self-groom,,1251,1318,Stress-Related - Vigilance,,1326,1330,Stress-Related - Self-scratch,,1330,1435,Stress-Related - Self-groom,,,,,,,,,,,,,,,,,,,,,,,,,,,,,,,,,,,,,,,,,,,,,,,,,,Other,Other,Other,Locomotion,Other,Rest,Other,Other,,,,,,,,,Over 5 m,Over 5 m,Over 5 m,Over 5 m,2-5 m,Over 5 m,Over 5 m,Over 5 m,Less than 2 m,Less than 2 m,Over 5 m,Over 5 m,2-5 m,2-5 m,Over 5 m,Over 5 m,
07/20/2026 11:49 AM,Calamity Jane,Sunny,92,0,22,Stress-Related - Vigilance,,22,38,Stress-Related - Self-groom,,38,134,Stress-Related - Vigilance,,157,259,Stress-Related - Vigilance,,300,314,Stress-Related - Self-groom,,318,327,Stress-Related - Vigilance,,346,353,Stress-Related - Self-groom,,354,403,Stress-Related - Vigilance,,403,412,Stress-Related - Self-groom,,421,427,Stress-Related - Self-scratch,,428,459,Stress-Related - Vigilance,,501,507,Stress-Related - Self-groom,,507,515,Stress-Related - Vigilance,,525,627,Stress-Related - Vigilance,,633,831,Stress-Related - Vigilance,,911,1407,Affiliative - Contact sit,Terri-Lynn,913,941,Affiliative - Mutual grooming,Terri-Lynn,942,1020,Stress-Related - Vigilance,,1020,1026,Affiliative - Give grooming,Terri-Lynn,1026,1036,Stress-Related - Vigilance,,1038,1104,Affiliative - Mutual grooming,Terri-Lynn,1104,1359,Stress-Related - Vigilance,,1359,1403,Affiliative - Give grooming,Terri-Lynn,1404,1500,Stress-Related - Vigilance,,,,,,,,,,,,,,,,,,,,,,,,,,,,,,,,,,Other,Other,Other,Other,Other,Other,Other,Social,2-5 m,2-5 m,2-5 m,Less than 2 m,Less than 2 m,Body contact,Body contact,Body contact,2-5 m,2-5 m,2-5 m,Over 5 m,Over 5 m,Over 5 m,Over 5 m,Over 5 m,,,,,,,,,
07/17/2026 03:18 PM,Calamity Jane,Sunny,95,433,441,Stress-Related - Vigilance,,726,801,Stress-Related - Vigilance,,818,842,Stress-Related - Vigilance,,931,942,Stress-Related - Vigilance,,1038,1045,Stress-Related - Vigilance,,,,,,,,,,,,,,,,,,,,,,,,,,,,,,,,,,,,,,,,,,,,,,,,,,,,,,,,,,,,,,,,,,,,,,,,,,,,,,,,,,,,,,,,,,,,,,,,,,,,,,,,,,,,,,Rest,Rest,Rest,Rest,Other,Rest,Rest,Rest,2-5 m,2-5 m,2-5 m,2-5 m,2-5 m,2-5 m,2-5 m,2-5 m,Less than 2 m,Less than 2 m,Less than 2 m,Less than 2 m,Less than 2 m,Less than 2 m,Less than 2 m,Less than 2 m,,,,,,,,,
07/17/2026 03:03 PM,Artemis,Sunny,95,0,115,Stress-Related - Vigilance,,119,132,Affiliative - Give grooming,Terri-Lynn,135,210,Stress-Related - Vigilance,,215,228,Affiliative - Mutual grooming,Calamity Jane,232,247,Affiliative - Receive grooming,Calamity Jane,247,255,Affiliative - Give grooming,Calamity Jane,258,517,Stress-Related - Vigilance,,427,502,Affiliative - Contact sit,Calamity Jane,622,709,Stress-Related - Vigilance,,710,724,Stress-Related - Self-groom,,731,754,Stress-Related - Vigilance,,810,826,Stress-Related - Vigilance,,841,856,Stress-Related - Self-groom,,913,933,Stress-Related - Self-groom,,946,1006,Stress-Related - Vigilance,,1411,1416,Stress-Related - Self-groom,,1431,1440,Stress-Related - Vigilance,,,,,,,,,,,,,,,,,,,,,,,,,,,,,,,,,,,,,,,,,,,,,,,,,,,,,,,,,,,,,,Other,Other,Other,Rest,Rest,Other,Rest,Rest,Over 5 m,Less than 2 m,2-5 m,2-5 m,2-5 m,2-5 m,2-5 m,2-5 m,,,,,,,,,Over 5 m,2-5 m,Less than 2 m,Less than 2 m,Less than 2 m,Less than 2 m,Less than 2 m,Less than 2 m,
07/17/2026 02:47 PM,Terri-Lynn,Sunny,95,54,59,Stress-Related - Vigilance,,106,145,Stress-Related - Vigilance,,340,359,Stress-Related - Vigilance,,425,432,Stress-Related - Vigilance,,632,707,Stress-Related - Vigilance,,708,722,Stress-Related - Self-groom,,722,735,Stress-Related - Vigilance,,,,,,,,,,,,,,,,,,,,,,,,,,,,,,,,,,,,,,,,,,,,,,,,,,,,,,,,,,,,,,,,,,,,,,,,,,,,,,,,,,,,,,,,,,,,,,,,,,,,,,Rest,Rest,Rest,Rest,Rest,Rest,Rest,Rest,,,,,,,,,Over 5 m,Over 5 m,Over 5 m,Over 5 m,Over 5 m,Over 5 m,Over 5 m,Over 5 m,2-5 m,2-5 m,2-5 m,2-5 m,2-5 m,2-5 m,2-5 m,2-5 m,
07/17/2026 02:22 PM,Calamity Jane,Sunny,95,147,151,Stress-Related - Vigilance,,426,445,Stress-Related - Self-groom,,446,534,Stress-Related - Vigilance,,535,549,Stress-Related - Self-groom,,556,610,Affiliative - Greet,Terri-Lynn,617,644,Affiliative - Mutual grooming,Terri-Lynn,656,734,Stress-Related - Self-groom,,734,1027,Stress-Related - Vigilance,,1049,1229,Stress-Related - Vigilance,,1257,1308,Stress-Related - Self-groom,,1308,1357,Stress-Related - Vigilance,,1359,1436,Stress-Related - Self-groom,,1439,1449,Stress-Related - Vigilance,,,,,,,,,,,,,,,,,,,,,,,,,,,,,,,,,,,,,,,,,,,,,,,,,,,,,,,,,,,,,,,,,,,,,,,,,,,,,,Rest,Rest,Rest,Social,Other,Other,Other,Other,Less than 2 m,Less than 2 m,Less than 2 m,Body contact,Less than 2 m,Less than 2 m,2-5 m,Over 5 m,Less than 2 m,Less than 2 m,Less than 2 m,Less than 2 m,Less than 2 m,2-5 m,Over 5 m,2-5 m,,,,,,,,,
07/17/2026 02:07 PM,Artemis,Sunny,95,541,548,Stress-Related - Self-groom,,837,842,Stress-Related - Self-scratch,,845,855,Stress-Related - Self-groom,,1013,1024,Stress-Related - Self-groom,,1032,1038,Stress-Related - Self-groom,,1039,1041,Stress-Related - Yawn,,1312,1500,Affiliative - Contact sit,Terri-Lynn,1319,1500,Affiliative - Mutual grooming,Terri-Lynn,,,,,,,,,,,,,,,,,,,,,,,,,,,,,,,,,,,,,,,,,,,,,,,,,,,,,,,,,,,,,,,,,,,,,,,,,,,,,,,,,,,,,,,,,,,,,,,,,Rest,Rest,Rest,Rest,Rest,Rest,Rest,Social,Less than 2 m,Less than 2 m,Less than 2 m,Less than 2 m,Less than 2 m,Less than 2 m,Less than 2 m,Body contact,,,,,,,,,Less than 2 m,Less than 2 m,Less than 2 m,Less than 2 m,Less than 2 m,Less than 2 m,Less than 2 m,Less than 2 m,
07/17/2026 12:25 PM,Terri-Lynn,Sunny,93,42,345,Affiliative - Contact sit,Calamity Jane,45,139,Affiliative - Mutual grooming,Calamity Jane,145,447,Stress-Related - Vigilance,,510,707,Stress-Related - Vigilance,,729,732,Stress-Related - Vigilance,,812,848,Stress-Related - Vigilance,,855,859,Stress-Related - Self-scratch,,903,1007,Stress-Related - Vigilance,,1133,1500,Stress-Related - Vigilance,,,,,,,,,,,,,,,,,,,,,,,,,,,,,,,,,,,,,,,,,,,,,,,,,,,,,,,,,,,,,,,,,,,,,,,,,,,,,,,,,,,,,,,,,,,,,,Locomotion,Other,Other,Other,Other,Other,Other,Other,,,,,,,,,Over 5 m,2-5 m,Over 5 m,Over 5 m,Over 5 m,Over 5 m,Over 5 m,2-5 m,2-5 m,Body contact,Less than 2 m,Less than 2 m,Less than 2 m,Over 5 m,Over 5 m,Over 5 m,
07/13/2026 03:21 PM,Terri-Lynn,Cloudy,86,0,28,Stress-Related - Vigilance,,39,405,Stress-Related - Vigilance,,406,413,Stress-Related - Self-scratch,,432,614,Stress-Related - Vigilance,,615,620,Stress-Related - Self-groom,,620,650,Stress-Related - Vigilance,,651,700,Stress-Related - Self-scratch,,706,710,Stress-Related - Self-groom,,711,740,Stress-Related - Vigilance,,740,802,Stress-Related - Self-groom,,803,938,Stress-Related - Vigilance,,941,1009,Stress-Related - Self-groom,,1010,1037,Stress-Related - Vigilance,,1040,1042,Stress-Related - Yawn,,1120,1354,Stress-Related - Vigilance,,1354,1358,Stress-Related - Self-scratch,,1359,1500,Stress-Related - Vigilance,,,,,,,,,,,,,,,,,,,,,,,,,,,,,,,,,,,,,,,,,,,,,,,,,,,,,,,,,,,,,,Other,Other,Other,Other,Other,Other,Other,Other,,,,,,,,,2-5 m,2-5 m,2-5 m,Less than 2 m,Less than 2 m,Less than 2 m,2-5 m,2-5 m,2-5 m,2-5 m,2-5 m,Less than 2 m,Less than 2 m,Less than 2 m,Less than 2 m,Less than 2 m,Thunder
07/13/2026 03:05 PM,Artemis,Cloudy,86,31,44,Stress-Related - Vigilance,,558,602,Stress-Related - Vigilance,,618,634,Stress-Related - Vigilance,,642,647,Stress-Related - Vigilance,,650,827,Affiliative - Contact sit,Terri-Lynn,708,718,Affiliative - Receive grooming,Terri-Lynn,726,733,Affiliative - Give grooming,Terri-Lynn,734,827,Stress-Related - Vigilance,,922,936,Stress-Related - Vigilance,,937,953,Stress-Related - Self-groom,,1045,1132,Affiliative - Contact sit,Calamity Jane,1052,1115,Affiliative - Mutual grooming,Calamity Jane,1115,1125,Affiliative - Give grooming,Calamity Jane,1223,1500,Stress-Related - Vigilance,,,,,,,,,,,,,,,,,,,,,,,,,,,,,,,,,,,,,,,,,,,,,,,,,,,,,,,,,,,,,,,,,,,,,,,,,,Rest,Rest,Rest,Other,Other,Other,Other,Other,Less than 2 m,Less than 2 m,Less than 2 m,Less than 2 m,Body contact,2-5 m,2-5 m,2-5 m,,,,,,,,,2-5 m,2-5 m,2-5 m,Over 5 m,Over 5 m,Less than 2 m,2-5 m,2-5 m,Thunder
07/13/2026 02:47 PM,Calamity Jane,Cloudy,86,3,15,Stress-Related - Self-scratch,,15,57,Stress-Related - Self-groom,,57,102,Stress-Related - Self-scratch,,106,119,Stress-Related - Self-groom,,136,158,Stress-Related - Self-groom,,236,240,Stress-Related - Vigilance,,247,251,Stress-Related - Vigilance,,328,358,Stress-Related - Self-groom,Artemis,510,515,Stress-Related - Vigilance,,533,609,Stress-Related - Self-groom,,615,625,Stress-Related - Vigilance,,628,725,Stress-Related - Self-groom,,725,735,Stress-Related - Vigilance,,735,741,Stress-Related - Self-groom,,741,758,Stress-Related - Vigilance,,758,807,Stress-Related - Self-groom,,807,816,Stress-Related - Vigilance,,828,909,Stress-Related - Vigilance,,921,932,Stress-Related - Vigilance,,950,1011,Stress-Related - Vigilance,,1016,1028,Stress-Related - Vigilance,,1046,1058,Stress-Related - Vigilance,,1058,1130,Stress-Related - Self-groom,,1131,1139,Stress-Related - Vigilance,,1140,1232,Stress-Related - Self-groom,,1233,1245,Stress-Related - Vigilance,,1251,1301,Stress-Related - Vigilance,,1309,1331,Stress-Related - Self-groom,,1331,1403,Stress-Related - Vigilance,,,,,,,,,,,,,,Rest,Other,Other,Other,Other,Other,Other,Other,2-5 m,2-5 m,2-5 m,2-5 m,2-5 m,2-5 m,2-5 m,2-5 m,2-5 m,2-5 m,2-5 m,2-5 m,2-5 m,2-5 m,2-5 m,2-5 m,,,,,,,,,Thunder
07/10/2026 01:53 PM,Calamity Jane,Sunny,95,3,17,Stress-Related - Self-groom,,23,26,Stress-Related - Self-scratch,,26,31,Stress-Related - Self-groom,,31,35,Stress-Related - Self-scratch,,35,57,Stress-Related - Vigilance,,255,301,Stress-Related - Self-scratch,,301,306,Stress-Related - Self-groom,,328,346,Stress-Related - Vigilance,,355,402,Stress-Related - Vigilance,,405,412,Stress-Related - Self-groom,,412,440,Stress-Related - Vigilance,,444,450,Stress-Related - Self-scratch,,450,555,Stress-Related - Self-groom,,558,605,Stress-Related - Vigilance,,630,638,Stress-Related - Vigilance,,704,709,Stress-Related - Vigilance,,715,737,Stress-Related - Vigilance,,819,838,Stress-Related - Vigilance,,,,,,,,,,,,,,,,,,,,,,,,,,,,,,,,,,,,,,,,,,,,,,,,,,,,,,,,,,Other,Rest,Other,Other,Rest,Rest,Rest,Rest,Over 5 m,Less than 2 m,Less than 2 m,Less than 2 m,Less than 2 m,Less than 2 m,Less than 2 m,Less than 2 m,Less than 2 m,Less than 2 m,Less than 2 m,Less than 2 m,Less than 2 m,Less than 2 m,Less than 2 m,Less than 2 m,,,,,,,,,
07/10/2026 12:59 PM,Artemis,Sunny,93,326,334,Stress-Related - Vigilance,,444,622,Stress-Related - Vigilance,,622,633,Stress-Related - Self-groom,,635,744,Stress-Related - Vigilance,,746,751,Stress-Related - Self-scratch,,753,810,Stress-Related - Self-groom,,817,825,Stress-Related - Self-groom,,928,945,Stress-Related - Vigilance,,1028,1059,Affiliative - Contact sit,Calamity Jane,1031,1050,Affiliative - Mutual grooming,Calamity Jane,1133,1427,Stress-Related - Vigilance,,,,,,,,,,,,,,,,,,,,,,,,,,,,,,,,,,,,,,,,,,,,,,,,,,,,,,,,,,,,,,,,,,,,,,,,,,,,,,,,,,,,,,Rest,Rest,Rest,Other,Other,Locomotion,Locomotion,Other,Less than 2 m,Less than 2 m,Less than 2 m,Less than 2 m,Less than 2 m,2-5 m,Over 5 m,Over 5 m,,,,,,,,,Less than 2 m,Less than 2 m,Less than 2 m,Less than 2 m,Less than 2 m,2-5 m,Over 5 m,Over 5 m,
07/10/2026 12:44 PM,Terri-Lynn,Sunny,93,0,241,Affiliative - Contact sit,Artemis,0,23,Affiliative - Receive grooming,,25,55,Affiliative - Mutual grooming,Artemis,56,114,Affiliative - Receive grooming,Artemis,115,145,Affiliative - Mutual grooming,Artemis,146,217,Affiliative - Receive grooming,Artemis,547,629,Affiliative - Contact sit,Artemis,629,657,Stress-Related - Vigilance,,,,,,,,,,,,,,,,,,,,,,,,,,,,,,,,,,,,,,,,,,,,,,,,,,,,,,,,,,,,,,,,,,,,,,,,,,,,,,,,,,,,,,,,,,,,,,,,,,Social,Social,Rest,Rest,Rest,Rest,Rest,Rest,,,,,,,,,Body contact,Body contact,Less than 2 m,Body contact,Less than 2 m,Less than 2 m,Less than 2 m,Less than 2 m,2-5 m,Over 5 m,Over 5 m,Over 5 m,Over 5 m,Over 5 m,Over 5 m,2-5 m,
07/08/2026 03:09 PM,Terri-Lynn,Sunny,95,0,234,Stress-Related - Vigilance,,240,246,Stress-Related - Self-groom,,314,319,Stress-Related - Vigilance,,325,334,Stress-Related - Vigilance,,445,453,Stress-Related - Self-groom,,454,503,Stress-Related - Vigilance,,528,531,Stress-Related - Vigilance,,816,932,Stress-Related - Vigilance,,1208,1219,Stress-Related - Vigilance,,1051,1054,Stress-Related - Vigilance,,1112,1133,Stress-Related - Vigilance,,1329,1332,Stress-Related - Vigilance,,,,,,,,,,,,,,,,,,,,,,,,,,,,,,,,,,,,,,,,,,,,,,,,,,,,,,,,,,,,,,,,,,,,,,,,,,,,,,,,,,Other,Other,Rest,Rest,Rest,Rest,Rest,Rest,,,,,,,,,Over 5 m,Over 5 m,Over 5 m,Over 5 m,2-5 m,2-5 m,2-5 m,2-5 m,Over 5 m,Over 5 m,Over 5 m,Over 5 m,Over 5 m,Over 5 m,Over 5 m,Over 5 m,
07/08/2026 02:56 PM,Artemis,Sunny,95,528,621,Stress-Related - Vigilance,,648,930,Stress-Related - Vigilance,,956,1004,Stress-Related - Vigilance,,1204,1224,Affiliative - Contact sit,Calamity Jane,1205,1221,Affiliative - Mutual grooming,Calamity Jane,1301,1310,Stress-Related - Vigilance,,1322,1324,Agonistic - Displace,Calamity Jane,1409,1415,Stress-Related - Vigilance,,1420,1448,Stress-Related - Self-groom,,1448,1500,Stress-Related - Vigilance,,,,,,,,,,,,,,,,,,,,,,,,,,,,,,,,,,,,,,,,,,,,,,,,,,,,,,,,,,,,,,,,,,,,,,,,,,,,,,,,,,,,,,,,,,Rest,Rest,Rest,Other,Other,Other,Locomotion,Other,Less than 2 m,Less than 2 m,Less than 2 m,Less than 2 m,2-5 m,2-5 m,2-5 m,2-5 m,,,,,,,,,Less than 2 m,Less than 2 m,Less than 2 m,Less than 2 m,2-5 m,2-5 m,2-5 m,Less than 2 m,
07/08/2026 02:41 PM,Calamity Jane,Sunny,95,5,152,Stress-Related - Vigilance,,155,159,Stress-Related - Self-scratch,,159,204,Stress-Related - Self-groom,,204,601,Stress-Related - Vigilance,,602,609,Stress-Related - Self-groom,,609,707,Stress-Related - Vigilance,,708,735,Stress-Related - Self-groom,,736,749,Stress-Related - Vigilance,,808,818,Stress-Related - Vigilance,,844,854,Stress-Related - Vigilance,,958,1027,Stress-Related - Vigilance,,1412,1423,Stress-Related - Vigilance,,,,,,,,,,,,,,,,,,,,,,,,,,,,,,,,,,,,,,,,,,,,,,,,,,,,,,,,,,,,,,,,,,,,,,,,,,,,,,,,,,Rest,Other,Other,Other,Rest,Other,Rest,Rest,Over 5 m,Less than 2 m,Less than 2 m,Less than 2 m,Less than 2 m,Less than 2 m,Less than 2 m,Less than 2 m,2-5 m,Less than 2 m,Less than 2 m,Less than 2 m,Less than 2 m,Less than 2 m,Less than 2 m,Less than 2 m,,,,,,,,,
07/08/2026 12:33 PM,Terri-Lynn,Sunny,93,0,143,Stress-Related - Vigilance,,247,258,Stress-Related - Vigilance,,321,333,Stress-Related - Vigilance,,418,420,Stress-Related - Vigilance,,808,853,Stress-Related - Vigilance,,1211,1221,Stress-Related - Self-groom,,1222,1318,Stress-Related - Vigilance,,,,,,,,,,,,,,,,,,,,,,,,,,,,,,,,,,,,,,,,,,,,,,,,,,,,,,,,,,,,,,,,,,,,,,,,,,,,,,,,,,,,,,,,,,,,,,,,,,,,,,Other,Rest,Rest,Rest,Rest,Rest,Rest,Rest,,,,,,,,,Over 5 m,2-5 m,2-5 m,2-5 m,2-5 m,2-5 m,2-5 m,2-5 m,2-5 m,Over 5 m,Over 5 m,Over 5 m,Over 5 m,Over 5 m,Over 5 m,Over 5 m,
07/08/2026 12:17 PM,Calamity Jane,Sunny,93,0,128,Stress-Related - Vigilance,,150,156,Stress-Related - Vigilance,,156,200,Stress-Related - Self-scratch,,200,513,Stress-Related - Vigilance,,513,516,Stress-Related - Self-scratch,,516,542,Stress-Related - Vigilance,,542,549,Stress-Related - Self-scratch,,555,731,Stress-Related - Vigilance,,731,740,Stress-Related - Self-scratch,,744,1109,Stress-Related - Vigilance,,1109,1118,Stress-Related - Self-scratch,,1128,1249,Stress-Related - Vigilance,,1249,1259,Stress-Related - Self-groom,,1300,1417,Stress-Related - Vigilance,,1417,1420,Stress-Related - Self-scratch,,1427,1450,Stress-Related - Vigilance,,1450,1500,Stress-Related - Self-groom,,,,,,,,,,,,,,,,,,,,,,,,,,,,,,,,,,,,,,,,,,,,,,,,,,,,,,,,,,,,,,Other,Other,Other,Other,Other,Other,Other,Other,Over 5 m,Over 5 m,2-5 m,2-5 m,2-5 m,2-5 m,2-5 m,2-5 m,2-5 m,Over 5 m,Over 5 m,Over 5 m,Over 5 m,Over 5 m,Over 5 m,2-5 m,,,,,,,,,
07/08/2026 12:02 PM,Artemis,Sunny,93,0,122,Stress-Related - Self-groom,,231,652,Stress-Related - Vigilance,,705,710,Stress-Related - Vigilance,,710,721,Stress-Related - Self-groom,,743,1002,Stress-Related - Vigilance,,1002,1113,Stress-Related - Self-groom,,1113,1306,Stress-Related - Vigilance,,1316,1321,Stress-Related - Vigilance,,1321,1324,Stress-Related - Self-scratch,,1324,1457,Stress-Related - Vigilance,,1457,1500,Stress-Related - Self-groom,,,,,,,,,,,,,,,,,,,,,,,,,,,,,,,,,,,,,,,,,,,,,,,,,,,,,,,,,,,,,,,,,,,,,,,,,,,,,,,,,,,,,,Other,Other,Other,Other,Other,Other,Other,Other,Over 5 m,2-5 m,Over 5 m,Over 5 m,Over 5 m,Over 5 m,Over 5 m,Over 5 m,,,,,,,,,Over 5 m,2-5 m,Over 5 m,Over 5 m,Over 5 m,2-5 m,2-5 m,2-5 m,
07/06/2026 03:39 PM,Terri-Lynn,Sunny,93,0,151,Affiliative - Contact sit,Artemis,112,118,Stress-Related - Vigilance,,231,448,Stress-Related - Vigilance,,631,720,Stress-Related - Vigilance,,828,843,Stress-Related - Vigilance,,917,938,Stress-Related - Vigilance,,1123,1128,Stress-Related - Vigilance,,1341,1344,Stress-Related - Vigilance,,1416,1500,Stress-Related - Vigilance,,,,,,,,,,,,,,,,,,,,,,,,,,,,,,,,,,,,,,,,,,,,,,,,,,,,,,,,,,,,,,,,,,,,,,,,,,,,,,,,,,,,,,,,,,,,,,Other,Rest,Other,Other,Rest,Rest,Rest,Rest,,,,,,,,,Body contact,Less than 2 m,Less than 2 m,Less than 2 m,Less than 2 m,2-5 m,2-5 m,2-5 m,2-5 m,2-5 m,2-5 m,2-5 m,2-5 m,2-5 m,2-5 m,2-5 m,
07/06/2026 02:41 PM,Artemis,Sunny,93,26,31,Stress-Related - Self-groom,,31,110,Stress-Related - Vigilance,,131,340,Stress-Related - Vigilance,,202,204,Affiliative - Greet,Terri-Lynn,202,716,Affiliative - Contact sit,Terri-Lynn,343,356,Stress-Related - Self-groom,,356,413,Stress-Related - Vigilance,,518,525,Stress-Related - Vigilance,,542,631,Affiliative - Mutual grooming,Terri-Lynn,631,703,Affiliative - Receive grooming,Terri-Lynn,902,922,Stress-Related - Vigilance,,1039,1057,Stress-Related - Vigilance,,1100,1109,Stress-Related - Self-groom,,1352,1406,Stress-Related - Vigilance,,,,,,,,,,,,,,,,,,,,,,,,,,,,,,,,,,,,,,,,,,,,,,,,,,,,,,,,,,,,,,,,,,,,,,,,,,Other,Other,Other,Social,Rest,Rest,Rest,Other,Over 5 m,Body contact,Body contact,Body contact,Less than 2 m,Less than 2 m,Less than 2 m,Less than 2 m,,,,,,,,,2-5 m,Less than 2 m,Less than 2 m,Less than 2 m,Less than 2 m,Less than 2 m,Less than 2 m,Less than 2 m,
07/06/2026 02:26 PM,Calamity Jane,Sunny,93,0,233,Affiliative - Contact sit,Terri-Lynn,19,231,Affiliative - Give grooming,Terri-Lynn,233,341,Stress-Related - Vigilance,,414,425,Stress-Related - Vigilance,,509,517,Stress-Related - Vigilance,,529,532,Stress-Related - Vigilance,,602,621,Stress-Related - Vigilance,,621,636,Stress-Related - Self-groom,,759,808,Stress-Related - Self-groom,,1246,1251,Stress-Related - Vigilance,,1251,1310,Stress-Related - Self-groom,,1310,1324,Stress-Related - Vigilance,,1338,1435,Stress-Related - Vigilance,,,,,,,,,,,,,,,,,,,,,,,,,,,,,,,,,,,,,,,,,,,,,,,,,,,,,,,,,,,,,,,,,,,,,,,,,,,,,,Social,Social,Rest,Rest,Other,Rest,Rest,Other,Body contact,Body contact,Less than 2 m,Less than 2 m,Less than 2 m,Less than 2 m,Less than 2 m,Less than 2 m,2-5 m,2-5 m,2-5 m,2-5 m,2-5 m,2-5 m,Over 5 m,2-5 m,,,,,,,,,
07/06/2026 02:10 PM,Terri-Lynn,Sunny,93,1324,1333,Affiliative - Greet,Calamity Jane,1347,1355,Affiliative - Receive grooming,Calamity Jane,1355,1402,Affiliative - Mutual grooming,Calamity Jane,1402,1416,Affiliative - Receive grooming,Calamity Jane,1416,1442,Affiliative - Mutual grooming,Calamity Jane,1442,1500,Affiliative - Receive grooming,Calamity Jane,1340,1500,Affiliative - Contact sit,,,,,,,,,,,,,,,,,,,,,,,,,,,,,,,,,,,,,,,,,,,,,,,,,,,,,,,,,,,,,,,,,,,,,,,,,,,,,,,,,,,,,,,,,,,,,,,,,,,,,,Rest,Rest,Rest,Rest,Rest,Rest,Rest,Social,,,,,,,,,2-5 m,2-5 m,2-5 m,2-5 m,2-5 m,2-5 m,2-5 m,2-5 m,Less than 2 m,Less than 2 m,Less than 2 m,Less than 2 m,Less than 2 m,Less than 2 m,Less than 2 m,Body contact,
07/01/2026 03:20 PM,Calamity Jane,Sunny,87,629,641,Stress-Related - Vigilance,,703,739,Stress-Related - Vigilance,,739,845,Stress-Related - Self-groom,,845,901,Stress-Related - Vigilance,,914,916,Affiliative - Greet,Artemis,1023,1040,Affiliative - Give grooming,Terri-Lynn,1040,1053,Stress-Related - Vigilance,,1053,1104,Stress-Related - Self-groom,,1104,1116,Stress-Related - Vigilance,,1133,1232,Stress-Related - Vigilance,,1232,1259,Stress-Related - Self-groom,,1304,1311,Stress-Related - Self-scratch,,1315,1348,Stress-Related - Self-groom,,1349,1356,Stress-Related - Self-scratch,,1405,1411,Stress-Related - Self-scratch,,1415,1444,Stress-Related - Self-groom,,1444,1458,Stress-Related - Vigilance,,,,,,,,,,,,,,,,,,,,,,,,,,,,,,,,,,,,,,,,,,,,,,,,,,,,,,,,,,,,,,Rest,Rest,Rest,Rest,Other,Other,Other,Other,Over 5 m,Over 5 m,Over 5 m,Over 5 m,Over 5 m,2-5 m,Less than 2 m,2-5 m,2-5 m,2-5 m,2-5 m,2-5 m,Over 5 m,2-5 m,2-5 m,2-5 m,,,,,,,,,
07/01/2026 03:05 PM,Artemis,Sunny,87,0,101,Stress-Related - Vigilance,,106,118,Stress-Related - Self-groom,,118,140,Stress-Related - Vigilance,,141,158,Stress-Related - Self-groom,,205,208,Stress-Related - Vigilance,,216,225,Stress-Related - Vigilance,,241,246,Stress-Related - Self-groom,,246,308,Stress-Related - Vigilance,,309,323,Stress-Related - Self-groom,,323,339,Stress-Related - Vigilance,,340,356,Stress-Related - Self-groom,,405,430,Stress-Related - Self-groom,,1119,1125,Stress-Related - Vigilance,,1206,1214,Stress-Related - Vigilance,,1215,1227,Stress-Related - Self-groom,,1227,1249,Stress-Related - Vigilance,,1255,1300,Stress-Related - Self-groom,,1347,1349,Stress-Related - Vigilance,,1423,1427,Stress-Related - Vigilance,,,,,,,,,,,,,,,,,,,,,,,,,,,,,,,,,,,,,,,,,,,,,,,,,,,,,,Other,Other,Other,Rest,Rest,Rest,Other,Rest,2-5 m,2-5 m,2-5 m,2-5 m,2-5 m,2-5 m,2-5 m,2-5 m,,,,,,,,,2-5 m,2-5 m,2-5 m,2-5 m,2-5 m,2-5 m,2-5 m,2-5 m,
07/01/2026 02:50 PM,Terri-Lynn,Sunny,87,105,115,Stress-Related - Vigilance,,132,204,Stress-Related - Vigilance,,239,541,Stress-Related - Vigilance,,717,727,Stress-Related - Vigilance,,746,854,Affiliative - Contact sit,Artemis,905,1109,Affiliative - Contact sit,Artemis,1140,1201,Stress-Related - Vigilance,,1211,1224,Stress-Related - Self-groom,,1440,1454,Stress-Related - Vigilance,,,,,,,,,,,,,,,,,,,,,,,,,,,,,,,,,,,,,,,,,,,,,,,,,,,,,,,,,,,,,,,,,,,,,,,,,,,,,,,,,,,,,,,,,,,,,,Other,Other,Other,Other,Other,Other,Other,Rest,,,,,,,,,Over 5 m,Over 5 m,Over 5 m,Over 5 m,Body contact,Body contact,Over 5 m,2-5 m,Over 5 m,Over 5 m,Over 5 m,Over 5 m,Over 5 m,Over 5 m,Over 5 m,Over 5 m,
06/29/2026 02:57 PM,Artemis,Sunny,97,30,34,Stress-Related - Vigilance,,34,50,Stress-Related - Self-groom,,59,103,Stress-Related - Self-groom,,130,137,Stress-Related - Vigilance,,137,145,Stress-Related - Self-groom,,145,150,Stress-Related - Vigilance,,150,201,Stress-Related - Self-groom,,450,502,Stress-Related - Self-groom,,538,601,Stress-Related - Self-groom,,630,638,Stress-Related - Vigilance,,638,642,Stress-Related - Self-scratch,,707,718,Stress-Related - Vigilance,,815,825,Stress-Related - Vigilance,,844,848,Stress-Related - Vigilance,,859,934,Stress-Related - Vigilance,,1016,1027,Stress-Related - Vigilance,,1043,1049,Stress-Related - Vigilance,,1158,1210,Stress-Related - Vigilance,,1247,1255,Stress-Related - Self-groom,,1255,1306,Stress-Related - Vigilance,,1319,1330,Stress-Related - Vigilance,,1346,1353,Stress-Related - Vigilance,,1355,1441,Stress-Related - Self-groom,,1441,1454,Stress-Related - Vigilance,,,,,,,,,,,,,,,,,,,,,,,,,,,,,,,,,,Rest,Other,Rest,Other,Other,Other,Other,Other,Over 5 m,Over 5 m,2-5 m,2-5 m,2-5 m,Over 5 m,2-5 m,2-5 m,,,,,,,,,Over 5 m,Over 5 m,Over 5 m,2-5 m,2-5 m,2-5 m,2-5 m,Less than 2 m,
06/29/2026 02:42 PM,Calamity Jane,Sunny,97,413,416,Stress-Related - Vigilance,,1253,1300,Stress-Related - Self-groom,,,,,,,,,,,,,,,,,,,,,,,,,,,,,,,,,,,,,,,,,,,,,,,,,,,,,,,,,,,,,,,,,,,,,,,,,,,,,,,,,,,,,,,,,,,,,,,,,,,,,,,,,,,,,,,,,,,,,,,,,,Rest,Rest,Rest,Rest,Rest,Rest,Rest,Rest,Less than 2 m,Less than 2 m,Less than 2 m,Less than 2 m,Less than 2 m,Less than 2 m,Less than 2 m,Less than 2 m,Over 5 m,Over 5 m,Over 5 m,Over 5 m,Over 5 m,Over 5 m,Over 5 m,Over 5 m,,,,,,,,,
06/29/2026 02:27 PM,Terri-Lynn,Sunny,97,0,56,Stress-Related - Vigilance,,141,145,Agonistic - Chase,Adjacent group,256,328,Stress-Related - Vigilance,,345,438,Stress-Related - Vigilance,,443,447,Stress-Related - Self-groom,,501,505,Stress-Related - Self-groom,,505,544,Stress-Related - Vigilance,,805,825,Stress-Related - Vigilance,,1002,1008,Stress-Related - Self-groom,,1015,1026,Stress-Related - Self-groom,,1040,1044,Stress-Related - Self-groom,,1105,1144,Stress-Related - Vigilance,,1144,1150,Stress-Related - Self-groom,,1159,1210,Stress-Related - Vigilance,,1220,1227,Stress-Related - Self-scratch,,1227,1258,Stress-Related - Self-groom,,1258,1304,Stress-Related - Self-scratch,,1421,1431,Stress-Related - Vigilance,,,,,,,,,,,,,,,,,,,,,,,,,,,,,,,,,,,,,,,,,,,,,,,,,,,,,,,,,,Other,Other,Other,Rest,Rest,Rest,Other,Rest,,,,,,,,,2-5 m,2-5 m,Over 5 m,Over 5 m,Over 5 m,Over 5 m,Over 5 m,Over 5 m,Less than 2 m,Less than 2 m,2-5 m,Less than 2 m,Less than 2 m,Less than 2 m,Less than 2 m,Less than 2 m,
06/27/2026 12:22 PM,Terri-Lynn,Sunny,90,0,128,Stress-Related - Vigilance,,132,333,Stress-Related - Vigilance,,511,1030,Stress-Related - Vigilance,,1041,1140,Stress-Related - Vigilance,,1242,1246,Stress-Related - Self-groom,,1246,1255,Stress-Related - Vigilance,,1317,1325,Stress-Related - Vigilance,,1421,1430,Stress-Related - Vigilance,,1444,1500,Stress-Related - Vigilance,,,,,,,,,,,,,,,,,,,,,,,,,,,,,,,,,,,,,,,,,,,,,,,,,,,,,,,,,,,,,,,,,,,,,,,,,,,,,,,,,,,,,,,,,,,,,,Other,Other,Rest,Other,Other,Other,Other,Other,,,,,,,,,2-5 m,2-5 m,2-5 m,2-5 m,Over 5 m,Over 5 m,2-5 m,2-5 m,Over 5 m,Over 5 m,Over 5 m,Over 5 m,Over 5 m,2-5 m,Over 5 m,Less than 2 m,
06/27/2026 12:06 PM,Artemis,Sunny,90,12,102,Stress-Related - Vigilance,,102,107,Stress-Related - Self-groom,,107,258,Stress-Related - Vigilance,,332,336,Stress-Related - Vigilance,,340,410,Stress-Related - Vigilance,,420,433,Stress-Related - Vigilance,,635,637,Stress-Related - Self-groom,,637,704,Stress-Related - Vigilance,,712,726,Stress-Related - Vigilance,,757,759,Stress-Related - Vigilance,,851,923,Stress-Related - Vigilance,,958,1001,Stress-Related - Vigilance,,1055,1109,Stress-Related - Vigilance,,1129,1148,Stress-Related - Vigilance,,1154,1204,Stress-Related - Vigilance,,1314,1411,Stress-Related - Vigilance,,1437,1500,Stress-Related - Vigilance,,,,,,,,,,,,,,,,,,,,,,,,,,,,,,,,,,,,,,,,,,,,,,,,,,,,,,,,,,,,,,Locomotion,Other,Other,Rest,Rest,Other,Other,Other,Over 5 m,Over 5 m,Over 5 m,Over 5 m,Over 5 m,Over 5 m,Over 5 m,Over 5 m,,,,,,,,,Over 5 m,Over 5 m,Over 5 m,Over 5 m,Over 5 m,Over 5 m,Over 5 m,Over 5 m,
06/27/2026 11:50 AM,Calamity Jane,Sunny,90,0,48,Affiliative - Contact sit,Terri-Lynn,29,115,Stress-Related - Vigilance,,121,142,Stress-Related - Vigilance,,148,251,Stress-Related - Vigilance,,251,254,Stress-Related - Self-scratch,,258,315,Stress-Related - Self-groom,,315,346,Stress-Related - Vigilance,,350,355,Stress-Related - Self-scratch,,455,505,Stress-Related - Vigilance,,627,646,Stress-Related - Vigilance,,806,820,Stress-Related - Vigilance,,820,823,Stress-Related - Self-groom,,823,940,Stress-Related - Vigilance,,1417,1500,Stress-Related - Vigilance,,,,,,,,,,,,,,,,,,,,,,,,,,,,,,,,,,,,,,,,,,,,,,,,,,,,,,,,,,,,,,,,,,,,,,,,,,Rest,Other,Other,Rest,Rest,Rest,Rest,Rest,Body contact,Less than 2 m,Less than 2 m,Less than 2 m,Less than 2 m,Less than 2 m,Less than 2 m,Less than 2 m,Less than 2 m,Less than 2 m,Over 5 m,Over 5 m,Over 5 m,Over 5 m,2-5 m,2-5 m,,,,,,,,,
06/24/2026 03:18 PM,Artemis,Sunny,85,748,751,Stress-Related - Vigilance,,820,836,Stress-Related - Self-groom,,945,955,Stress-Related - Vigilance,,1035,1038,Stress-Related - Vigilance,,1337,1343,Stress-Related - Vigilance,,1421,1431,Stress-Related - Self-groom,,1431,1439,Stress-Related - Vigilance,,1439,1447,Stress-Related - Self-groom,,,,,,,,,,,,,,,,,,,,,,,,,,,,,,,,,,,,,,,,,,,,,,,,,,,,,,,,,,,,,,,,,,,,,,,,,,,,,,,,,,,,,,,,,,,,,,,,,,Rest,Rest,Rest,Rest,Rest,Rest,Rest,Other,2-5 m,2-5 m,2-5 m,2-5 m,2-5 m,2-5 m,2-5 m,2-5 m,,,,,,,,,Less than 2 m,Less than 2 m,Less than 2 m,Less than 2 m,Less than 2 m,Less than 2 m,Less than 2 m,Less than 2 m,
06/24/2026 03:04 PM,Calamity Jane,Sunny,85,104,107,Stress-Related - Vigilance,,524,530,Stress-Related - Self-groom,,530,557,Stress-Related - Vigilance,,557,613,Stress-Related - Self-groom,,613,633,Stress-Related - Vigilance,,633,650,Stress-Related - Self-groom,,727,800,Stress-Related - Vigilance,,800,804,Stress-Related - Self-groom,,804,820,Stress-Related - Vigilance,,836,853,Stress-Related - Vigilance,,853,855,Affiliative - Greet,Artemis,859,907,Affiliative - Mutual grooming,Artemis,948,951,Stress-Related - Yawn,,1001,1034,Stress-Related - Self-groom,,,,,,,,,,,,,,,,,,,,,,,,,,,,,,,,,,,,,,,,,,,,,,,,,,,,,,,,,,,,,,,,,,,,,,,,,,Rest,Rest,Rest,Other,Other,Rest,Rest,Rest,Less than 2 m,Less than 2 m,Less than 2 m,Less than 2 m,2-5 m,2-5 m,2-5 m,2-5 m,2-5 m,2-5 m,2-5 m,2-5 m,Less than 2 m,Less than 2 m,Less than 2 m,Less than 2 m,,,,,,,,,
06/22/2026 03:34 PM,Calamity Jane,Light Rain,82,503,712,Affiliative - Contact sit,Artemis,702,712,Affiliative - Mutual grooming,Artemis,727,743,Stress-Related - Self-groom,,751,901,Affiliative - Mutual grooming,Artemis,901,916,Affiliative - Receive grooming,Artemis,925,1055,Affiliative - Mutual grooming,Artemis,1055,1106,Affiliative - Give grooming,Artemis,1125,1140,Stress-Related - Self-groom,,1149,,Affiliative - Contact sit,Artemis,1200,1217,Stress-Related - Self-groom,,1235,1304,Stress-Related - Vigilance,,,,,,,,,,,,,,,,,,,,,,,,,,,,,,,,,,,,,,,,,,,,,,,,,,,,,,,,,,,,,,,,,,,,,,,,,,,,,,,,,,,,,,Rest,Rest,Rest,Rest,Social,Social,Other,Rest,2-5 m,2-5 m,2-5 m,Less than 2 m,Less than 2 m,Less than 2 m,Less than 2 m,Less than 2 m,2-5 m,2-5 m,2-5 m,Body contact,Body contact,Body contact,Body contact,Body contact,,,,,,,,,
06/22/2026 03:23 PM,Artemis,Sunny,82,0,1238,Affiliative - Contact sit,Terri-Lynn,224,236,Stress-Related - Vigilance,,452,501,Stress-Related - Vigilance,,546,552,Stress-Related - Vigilance,,718,720,Stress-Related - Vigilance,,813,836,Affiliative - Mutual grooming,Terri-Lynn,940,1004,Stress-Related - Vigilance,,1021,1025,Stress-Related - Vigilance,,1133,1254,Stress-Related - Vigilance,,1312,1500,Affiliative - Contact sit,Terri-Lynn,1407,1500,Affiliative - Contact sit,Calamity Jane,,,,,,,,,,,,,,,,,,,,,,,,,,,,,,,,,,,,,,,,,,,,,,,,,,,,,,,,,,,,,,,,,,,,,,,,,,,,,,,,,,,,,Rest,Rest,Rest,Rest,Rest,Other,Other,Rest,Body contact,Body contact,Body contact,Body contact,Body contact,Body contact,Body contact,Body contact,,,,,,,,,2-5 m,2-5 m,2-5 m,2-5 m,2-5 m,2-5 m,2-5 m,Less than 2 m,
06/22/2026 03:05 PM,Terri-Lynn,Sunny,82,109,111,Stress-Related - Vigilance,,146,151,Stress-Related - Vigilance,,530,538,Stress-Related - Vigilance,,557,615,Stress-Related - Vigilance,,709,801,Stress-Related - Vigilance,,834,900,Stress-Related - Vigilance,,901,916,Stress-Related - Self-groom,,948,1031,Affiliative - Mutual grooming,Artemis,1031,1035,Stress-Related - Self-scratch,,1035,1045,Affiliative - Mutual grooming,Artemis,1051,1500,Affiliative - Contact sit,Artemis,1416,1500,Stress-Related - Vigilance,,,,,,,,,,,,,,,,,,,,,,,,,,,,,,,,,,,,,,,,,,,,,,,,,,,,,,,,,,,,,,,,,,,,,,,,,,,,,,,,,,Rest,Rest,Rest,Other,Other,Social,Rest,Rest,,,,,,,,,2-5 m,2-5 m,2-5 m,2-5 m,2-5 m,Body contact,Body contact,Body contact,2-5 m,2-5 m,2-5 m,2-5 m,2-5 m,2-5 m,2-5 m,2-5 m,
06/17/2026 03:11 PM,Calamity Jane,Cloudy,82,0,222,Stress-Related - Vigilance,,229,318,Stress-Related - Self-groom,,318,323,Stress-Related - Vigilance,,323,336,Stress-Related - Self-groom,,336,346,Stress-Related - Vigilance,,346,352,Stress-Related - Self-groom,,352,359,Stress-Related - Vigilance,,359,415,Stress-Related - Self-groom,,415,524,Stress-Related - Vigilance,,535,542,Stress-Related - Vigilance,,542,544,Stress-Related - Yawn,,641,707,Stress-Related - Vigilance,,709,718,Stress-Related - Self-groom,,726,742,Stress-Related - Vigilance,,756,759,Stress-Related - Vigilance,,832,1500,Affiliative - Contact sit,Artemis,835,924,Affiliative - Mutual grooming,Artemis,849,856,Stress-Related - Vigilance,,937,1035,Affiliative - Mutual grooming,Artemis,1035,1051,Affiliative - Give grooming,Artemis,1051,1310,Affiliative - Mutual grooming,,1310,1416,Affiliative - Receive grooming,,1416,1433,Affiliative - Give grooming,,,,,,,,,,,,,,,,,,,,,,,,,,,,,,,,,,,,,,Other,Other,Other,Rest,Rest,Social,Social,Social,2-5 m,2-5 m,2-5 m,2-5 m,2-5 m,2-5 m,2-5 m,2-5 m,2-5 m,2-5 m,2-5 m,2-5 m,2-5 m,Body contact,Body contact,Body contact,,,,,,,,,
06/17/2026 02:53 PM,Artemis,Cloudy,82,0,1312,Affiliative - Contact sit,Terri-Lynn,332,347,Stress-Related - Vigilance,,1052,1057,Stress-Related - Self-scratch,,1057,1010,Stress-Related - Self-groom,,1111,1113,Stress-Related - Vigilance,,1305,1500,Stress-Related - Vigilance,,,,,,,,,,,,,,,,,,,,,,,,,,,,,,,,,,,,,,,,,,,,,,,,,,,,,,,,,,,,,,,,,,,,,,,,,,,,,,,,,,,,,,,,,,,,,,,,,,,,,,,,,,Rest,Rest,Rest,Rest,Rest,Other,Rest,Other,Body contact,Body contact,Body contact,Body contact,Body contact,Body contact,Body contact,2-5 m,,,,,,,,,Less than 2 m,Less than 2 m,Less than 2 m,Less than 2 m,Less than 2 m,Less than 2 m,Less than 2 m,2-5 m,
06/17/2026 02:38 PM,Terri-Lynn,Cloudy,82,0,1500,Affiliative - Contact sit,"Artemis, Calamity Jane",1113,1244,Affiliative - Mutual grooming,Calamity Jane,,,,,,,,,,,,,,,,,,,,,,,,,,,,,,,,,,,,,,,,,,,,,,,,,,,,,,,,,,,,,,,,,,,,,,,,,,,,,,,,,,,,,,,,,,,,,,,,,,,,,,,,,,,,,,,,,,,,,,,,,Rest,Rest,Rest,Rest,Rest,Rest,Social,Rest,,,,,,,,,Body contact,Body contact,Body contact,Body contact,Body contact,Body contact,Body contact,Body contact,Body contact,Body contact,Body contact,Body contact,Body contact,Body contact,Body contact,Body contact,
06/15/2026 03:58 PM,Artemis,Sunny,90,12,546,Stress-Related - Vigilance,,700,740,Stress-Related - Vigilance,,741,751,Stress-Related - Self-groom,,751,956,Stress-Related - Vigilance,,1107,1132,Stress-Related - Self-groom,,1132,1141,Stress-Related - Vigilance,,1313,1324,Stress-Related - Vigilance,,1328,1433,Stress-Related - Self-groom,,1433,1441,Stress-Related - Vigilance,,,,,,,,,,,,,,,,,,,,,,,,,,,,,,,,,,,,,,,,,,,,,,,,,,,,,,,,,,,,,,,,,,,,,,,,,,,,,,,,,,,,,,,,,,,,,,Rest,Other,Other,Other,Other,Locomotion,Rest,Other,Over 5 m,Less than 2 m,2-5 m,2-5 m,2-5 m,Over 5 m,2-5 m,2-5 m,,,,,,,,,Over 5 m,Less than 2 m,Over 5 m,2-5 m,2-5 m,Over 5 m,2-5 m,2-5 m,
06/15/2026 03:43 PM,Calamity Jane,Sunny,90,145,149,Stress-Related - Vigilance,,707,710,Stress-Related - Vigilance,,840,843,Stress-Related - Vigilance,,1058,1207,Stress-Related - Vigilance,,1213,1222,Stress-Related - Vigilance,,1231,1315,Stress-Related - Vigilance,,1319,1336,Stress-Related - Self-groom,,1336,1352,Stress-Related - Vigilance,,1352,1500,Stress-Related - Self-groom,,,,,,,,,,,,,,,,,,,,,,,,,,,,,,,,,,,,,,,,,,,,,,,,,,,,,,,,,,,,,,,,,,,,,,,,,,,,,,,,,,,,,,,,,,,,,,Rest,Rest,Rest,Rest,Rest,Rest,Other,Other,Less than 2 m,Less than 2 m,Less than 2 m,Less than 2 m,Less than 2 m,Less than 2 m,Less than 2 m,Less than 2 m,Over 5 m,Over 5 m,Over 5 m,Over 5 m,Over 5 m,Over 5 m,Over 5 m,Over 5 m,,,,,,,,,
06/15/2026 03:28 PM,Terri-Lynn,Sunny,90,0,42,Affiliative - Contact sit,Calamity Jane,0,14,Affiliative - Give grooming,Calamity Jane,109,118,Stress-Related - Vigilance,,439,448,Stress-Related - Self-groom,,448,557,Stress-Related - Vigilance,,831,842,Stress-Related - Vigilance,,843,1012,Affiliative - Contact sit,Artemis,845,951,Affiliative - Mutual grooming,Artemis,951,1009,Affiliative - Give grooming,Artemis,1258,1413,Stress-Related - Vigilance,,,,,,,,,,,,,,,,,,,,,,,,,,,,,,,,,,,,,,,,,,,,,,,,,,,,,,,,,,,,,,,,,,,,,,,,,,,,,,,,,,,,,,,,,,Social,Rest,Rest,Rest,Rest,Social,Other,Other,,,,,,,,,2-5 m,2-5 m,2-5 m,Less than 2 m,Less than 2 m,Less than 2 m,Over 5 m,Over 5 m,Body contact,Less than 2 m,Less than 2 m,Less than 2 m,Less than 2 m,Less than 2 m,Less than 2 m,Less than 2 m,
06/12/2026 03:39 PM,Calamity Jane,Sunny,95,636,912,Stress-Related - Vigilance,,925,933,Stress-Related - Vigilance,,933,942,Stress-Related - Self-groom,,942,954,Stress-Related - Vigilance,,954,1000,Stress-Related - Self-groom,,1427,1445,Stress-Related - Vigilance,,,,,,,,,,,,,,,,,,,,,,,,,,,,,,,,,,,,,,,,,,,,,,,,,,,,,,,,,,,,,,,,,,,,,,,,,,,,,,,,,,,,,,,,,,,,,,,,,,,,,,,,,,Rest,Rest,Rest,Rest,Other,Other,Rest,Rest,2-5 m,2-5 m,2-5 m,2-5 m,2-5 m,2-5 m,2-5 m,2-5 m,2-5 m,2-5 m,2-5 m,2-5 m,Over 5 m,Over 5 m,Over 5 m,Over 5 m,,,,,,,,,
06/12/2026 03:21 PM,Artemis,Sunny,95,0,208,Stress-Related - Vigilance,,216,241,Stress-Related - Vigilance,,241,252,Stress-Related - Self-groom,,252,302,Stress-Related - Vigilance,,302,336,Stress-Related - Self-groom,,346,418,Stress-Related - Self-groom,,433,455,Stress-Related - Vigilance,,459,502,Stress-Related - Self-groom,,512,525,Stress-Related - Self-groom,,535,601,Stress-Related - Self-groom,,810,958,Stress-Related - Vigilance,,1001,1039,Affiliative - Contact sit,Calamity Jane,1003,1039,Affiliative - Mutual grooming,Calamity Jane,1045,1057,Stress-Related - Self-groom,,1057,1258,Stress-Related - Vigilance,,1432,1446,Stress-Related - Vigilance,,,,,,,,,,,,,,,,,,,,,,,,,,,,,,,,,,,,,,,,,,,,,,,,,,,,,,,,,,,,,,,,,,Other,Other,Other,Other,Rest,Other,Other,Other,Less than 2 m,2-5 m,2-5 m,2-5 m,2-5 m,Over 5 m,Over 5 m,2-5 m,,,,,,,,,Less than 2 m,2-5 m,2-5 m,Less than 2 m,Less than 2 m,Less than 2 m,Over 5 m,2-5 m,
06/12/2026 02:47 PM,Calamity Jane,Sunny,95,10,314,Affiliative - Contact sit,Artemis,15,205,Affiliative - Mutual grooming,Artemis,205,314,Affiliative - Receive grooming,Artemis,835,916,Stress-Related - Vigilance,,942,1112,Stress-Related - Vigilance,,1143,1249,Stress-Related - Vigilance,,1301,1403,Stress-Related - Vigilance,,,,,,,,,,,,,,,,,,,,,,,,,,,,,,,,,,,,,,,,,,,,,,,,,,,,,,,,,,,,,,,,,,,,,,,,,,,,,,,,,,,,,,,,,,,,,,,,,,,,,,Rest,Social,Rest,Rest,Rest,Other,Other,Other,2-5 m,2-5 m,2-5 m,2-5 m,2-5 m,Over 5 m,Over 5 m,Over 5 m,Less than 2 m,Body contact,2-5 m,2-5 m,2-5 m,2-5 m,2-5 m,2-5 m,,,,,,,,,
06/12/2026 02:31 PM,Artemis,Sunny,95,21,27,Stress-Related - Vigilance,,58,102,Stress-Related - Vigilance,,330,333,Stress-Related - Self-groom,,333,347,Stress-Related - Vigilance,,550,634,Stress-Related - Self-groom,,642,700,Stress-Related - Self-groom,,709,727,Stress-Related - Self-groom,,727,735,Stress-Related - Vigilance,,920,924,Stress-Related - Yawn,,1014,1039,Stress-Related - Vigilance,,1040,1043,Stress-Related - Yawn,,1043,1049,Stress-Related - Self-groom,,1049,1137,Stress-Related - Vigilance,,1215,1235,Stress-Related - Vigilance,,1254,1312,Stress-Related - Vigilance,,1322,1423,Stress-Related - Vigilance,,,,,,,,,,,,,,,,,,,,,,,,,,,,,,,,,,,,,,,,,,,,,,,,,,,,,,,,,,,,,,,,,,Rest,Rest,Rest,Other,Rest,Rest,Other,Other,2-5 m,2-5 m,2-5 m,2-5 m,2-5 m,2-5 m,Less than 2 m,Less than 2 m,,,,,,,,,Less than 2 m,Less than 2 m,Less than 2 m,Less than 2 m,Less than 2 m,Less than 2 m,2-5 m,2-5 m,
06/12/2026 02:12 PM,Terri-Lynn,Sunny,95,20,31,Stress-Related - Vigilance,,31,52,Stress-Related - Self-groom,,103,137,Stress-Related - Vigilance,,200,221,Stress-Related - Self-groom,,221,240,,,245,340,Affiliative - Contact sit,Artemis,250,301,Stress-Related - Self-groom,,305,314,Stress-Related - Self-scratch,,317,325,Stress-Related - Self-groom,,636,640,Stress-Related - Vigilance,,902,905,Stress-Related - Vigilance,,1036,1044,Stress-Related - Vigilance,,1256,1302,Stress-Related - Self-groom,,1308,1312,Stress-Related - Vigilance,,,,,,,,,,,,,,,,,,,,,,,,,,,,,,,,,,,,,,,,,,,,,,,,,,,,,,,,,,,,,,,,,,,,,,,,,,Other,Other,Rest,Rest,Rest,Rest,Rest,Rest,,,,,,,,,2-5 m,Less than 2 m,Less than 2 m,Less than 2 m,Less than 2 m,Less than 2 m,Less than 2 m,Less than 2 m,2-5 m,2-5 m,2-5 m,2-5 m,2-5 m,2-5 m,2-5 m,2-5 m,
06/12/2026 12:50 PM,Terri-Lynn,Sunny,95,6,36,Stress-Related - Self-groom,,50,53,Agonistic - Displace,Calamity Jane,59,113,Stress-Related - Vigilance,,119,127,Stress-Related - Self-groom,,127,520,Stress-Related - Vigilance,,550,639,Stress-Related - Vigilance,Calamity Jane,645,647,Agonistic - Displace,,847,1045,Stress-Related - Vigilance,,1051,1110,Stress-Related - Self-groom,,,,,,,,,,,,,,,,,,,,,,,,,,,,,,,,,,,,,,,,,,,,,,,,,,,,,,,,,,,,,,,,,,,,,,,,,,,,,,,,,,,,,,,,,,,,,,Other,Other,Other,Other,Other,Other,Other,Other,,,,,,,,,2-5 m,2-5 m,2-5 m,2-5 m,2-5 m,2-5 m,2-5 m,2-5 m,Less than 2 m,Less than 2 m,Less than 2 m,Less than 2 m,Less than 2 m,2-5 m,2-5 m,2-5 m,
06/10/2026 03:01 PM,Terri-Lynn,Sunny,84,0,24,Stress-Related - Vigilance,,106,127,Stress-Related - Vigilance,,207,223,Stress-Related - Vigilance,,438,451,Stress-Related - Self-groom,,456,513,Stress-Related - Vigilance,,513,518,Stress-Related - Self-groom,,639,646,Stress-Related - Vigilance,,701,719,Stress-Related - Vigilance,,738,745,Stress-Related - Vigilance,,828,840,Stress-Related - Vigilance,,1140,1150,Stress-Related - Vigilance,,1249,1315,Stress-Related - Vigilance,,1325,1337,Stress-Related - Vigilance,,1359,1419,Stress-Related - Vigilance,,1426,1444,Stress-Related - Vigilance,,,,,,,,,,,,,,,,,,,,,,,,,,,,,,,,,,,,,,,,,,,,,,,,,,,,,,,,,,,,,,,,,,,,,,Other,Other,Rest,Rest,Rest,Rest,Rest,Other,,,,,,,,,2-5 m,2-5 m,2-5 m,2-5 m,2-5 m,2-5 m,2-5 m,2-5 m,2-5 m,2-5 m,2-5 m,2-5 m,2-5 m,2-5 m,2-5 m,2-5 m,
06/10/2026 02:45 PM,Artemis,Sunny,84,0,32,Affiliative - Contact sit,Calamity Jane,0,120,Stress-Related - Vigilance,,142,305,Stress-Related - Pacing,,345,524,Stress-Related - Vigilance,,524,829,Affiliative - Contact sit,Calamity Jane,545,639,Affiliative - Mutual grooming,Calamity Jane,640,907,Stress-Related - Vigilance,,1020,1028,Stress-Related - Vigilance,,1057,1130,Stress-Related - Vigilance,,1130,1138,Stress-Related - Self-groom,,1138,1419,Stress-Related - Vigilance,,1318,1345,Stress-Related - Pacing,,1433,1500,Stress-Related - Vigilance,,,,,,,,,,,,,,,,,,,,,,,,,,,,,,,,,,,,,,,,,,,,,,,,,,,,,,,,,,,,,,,,,,,,,,,,,,,,,,Other,Locomotion,Other,Social,Other,Locomotion,Other,Locomotion,Less than 2 m,2-5 m,Over 5 m,Over 5 m,Over 5 m,2-5 m,2-5 m,2-5 m,,,,,,,,,Body contact,2-5 m,Less than 2 m,Body contact,Body contact,Over 5 m,2-5 m,2-5 m,
06/10/2026 02:30 PM,Calamity Jane,Sunny,84,0,440,Stress-Related - Vigilance,,626,657,Stress-Related - Vigilance,,704,707,Stress-Related - Self-scratch,,708,820,Stress-Related - Vigilance,,832,858,Stress-Related - Vigilance,,900,945,Affiliative - Mutual grooming,Artemis,859,952,Affiliative - Contact sit,Artemis,1001,1122,Stress-Related - Vigilance,,1141,1304,Stress-Related - Vigilance,,1329,1340,Affiliative - Give grooming,Artemis,1340,1500,Affiliative - Contact sit,Artemis,1341,1446,Affiliative - Mutual grooming,Artemis,,,,,,,,,,,,,,,,,,,,,,,,,,,,,,,,,,,,,,,,,,,,,,,,,,,,,,,,,,,,,,,,,,,,,,,,,,,,,,,,,Other,Other,Other,Locomotion,Other,Other,Other,Social,Over 5 m,Over 5 m,Over 5 m,2-5 m,2-5 m,Over 5 m,Over 5 m,Over 5 m,2-5 m,2-5 m,2-5 m,2-5 m,2-5 m,Less than 2 m,Less than 2 m,Body contact,,,,,,,,,
06/08/2026 02:38 PM,Calamity Jane,Cloudy,79,13,18,Stress-Related - Vigilance,,200,206,Stress-Related - Vigilance,,326,330,Stress-Related - Vigilance,,342,343,Stress-Related - Vigilance,,1226,1229,Stress-Related - Vigilance,,1229,1234,Stress-Related - Self-groom,,1234,1240,Stress-Related - Vigilance,,1325,1329,Stress-Related - Vigilance,,,,,,,,,,,,,,,,,,,,,,,,,,,,,,,,,,,,,,,,,,,,,,,,,,,,,,,,,,,,,,,,,,,,,,,,,,,,,,,,,,,,,,,,,,,,,,,,,,Rest,Other,Rest,Rest,Rest,Rest,Rest,Rest,Less than 2 m,Less than 2 m,Less than 2 m,Less than 2 m,Less than 2 m,Less than 2 m,Less than 2 m,Less than 2 m,Less than 2 m,Less than 2 m,Less than 2 m,Less than 2 m,Less than 2 m,Less than 2 m,Less than 2 m,Less than 2 m,,,,,,,,,
06/08/2026 02:22 PM,Artemis,Cloudy,79,35,48,Stress-Related - Self-groom,,130,340,Affiliative - Contact sit,Calamity Jane,137,328,Affiliative - Mutual grooming,Calamity Jane,502,507,Stress-Related - Vigilance,,507,515,Affiliative - Receive grooming,Calamity Jane,537,1500,Affiliative - Contact sit,Terri-Lynn,1111,1215,Stress-Related - Vigilance,,1113,1120,Stress-Related - Antipredator VOCALIZE,,1145,1150,Stress-Related - Antipredator VOCALIZE,,1215,1256,Stress-Related - Self-groom,,1346,1417,Stress-Related - Vigilance,,,,,,,,,,,,,,,,,,,,,,,,,,,,,,,,,,,,,,,,,,,,,,,,,,,,,,,,,,,,,,,,,,,,,,,,,,,,,,,,,,,,,,Other,Social,Social,Rest,Rest,Rest,Other,Other,Over 5 m,Over 5 m,Less than 2 m,Body contact,Body contact,Body contact,Body contact,Body contact,,,,,,,,,2-5 m,Body contact,Body contact,Less than 2 m,Less than 2 m,Less than 2 m,Less than 2 m,Less than 2 m,
06/08/2026 02:02 PM,Terri-Lynn,Cloudy,79,0,1500,Affiliative - Contact sit,Artemis,545,547,Stress-Related - Vigilance,,939,941,Stress-Related - Yawn,,950,1007,Stress-Related - Self-groom,,1038,1042,Stress-Related - Vigilance,,,,,,,,,,,,,,,,,,,,,,,,,,,,,,,,,,,,,,,,,,,,,,,,,,,,,,,,,,,,,,,,,,,,,,,,,,,,,,,,,,,,,,,,,,,,,,,,,,,,,,,,,,,,,,Rest,Rest,Rest,Rest,Rest,Other,Rest,Rest,,,,,,,,,Body contact,Body contact,Body contact,Body contact,Body contact,Body contact,Body contact,Body contact,Over 5 m,Over 5 m,Over 5 m,Over 5 m,Over 5 m,Over 5 m,Over 5 m,Over 5 m,
06/08/2026 12:26 PM,Terri-Lynn,Cloudy,78,16,23,Stress-Related - Vigilance,,103,128,Stress-Related - Vigilance,,304,632,Stress-Related - Vigilance,,702,825,Stress-Related - Vigilance,,847,851,Stress-Related - Self-scratch,,851,859,Stress-Related - Self-groom,,859,907,Stress-Related - Vigilance,,921,1214,Affiliative - Contact sit,Calamity Jane,921,1034,Affiliative - Mutual grooming,Calamity Jane,1040,1437,Affiliative - Contact sit,Artemis,1042,1044,Stress-Related - Self-scratch,,1052,1116,Affiliative - Mutual grooming,Calamity Jane,1124,1130,Affiliative - Receive grooming,Calamity Jane,1130,1148,Affiliative - Mutual grooming,Calamity Jane,1148,1205,Affiliative - Receive grooming,Calamity Jane,1205,1214,Affiliative - Mutual grooming,Calamity Jane,1250,1308,Affiliative - Receive grooming,Artemis,1331,1437,Affiliative - Receive grooming,Calamity Jane,,,,,,,,,,,,,,,,,,,,,,,,,,,,,,,,,,,,,,,,,,,,,,,,,,,,,,,,,Rest,Rest,Other,Other,Other,Social,Social,Social,,,,,,,,,Over 5 m,Over 5 m,Over 5 m,2-5 m,2-5 m,2-5 m,Body contact,Body contact,Over 5 m,Over 5 m,Over 5 m,2-5 m,2-5 m,Body contact,Body contact,Body contact,
06/08/2026 12:11 PM,Calamity Jane,Cloudy,78,0,10,Stress-Related - Vigilance,,21,134,Stress-Related - Vigilance,,253,309,Stress-Related - Vigilance,,530,615,Stress-Related - Self-groom,,634,652,Stress-Related - Self-groom,,652,744,Stress-Related - Vigilance,,849,902,Stress-Related - Vigilance,,1156,1344,Stress-Related - Self-groom,,1453,1500,Stress-Related - Self-groom,,,,,,,,,,,,,,,,,,,,,,,,,,,,,,,,,,,,,,,,,,,,,,,,,,,,,,,,,,,,,,,,,,,,,,,,,,,,,,,,,,,,,,,,,,,,,,Other,Rest,Rest,Other,Other,Other,Other,Other,Over 5 m,Over 5 m,Over 5 m,Over 5 m,Over 5 m,Over 5 m,Over 5 m,Over 5 m,Over 5 m,Over 5 m,Over 5 m,Over 5 m,Over 5 m,Over 5 m,Over 5 m,Over 5 m,,,,,,,,,
06/08/2026 11:55 AM,Artemis,Cloudy,78,122,141,Stress-Related - Self-groom,,212,218,Stress-Related - Vigilance,,230,500,Stress-Related - Vigilance,,245,505,Affiliative - Contact sit,Terri-Lynn,536,636,Stress-Related - Vigilance,,703,946,Stress-Related - Vigilance,,1010,1020,Stress-Related - Pacing,,1041,1056,Stress-Related - Vigilance,,1056,1058,Stress-Related - Self-scratch,,1100,1119,Stress-Related - Vigilance,,1119,1121,Stress-Related - Self-groom,,1121,1411,Stress-Related - Vigilance,,1411,1427,Affiliative - Mutual grooming,Calamity Jane,1447,1453,Stress-Related - Vigilance,,,,,,,,,,,,,,,,,,,,,,,,,,,,,,,,,,,,,,,,,,,,,,,,,,,,,,,,,,,,,,,,,,,,,,,,,,Rest,Rest,Other,Other,Other,Locomotion,Other,Other,Less than 2 m,Less than 2 m,Body contact,2-5 m,Over 5 m,2-5 m,2-5 m,2-5 m,,,,,,,,,2-5 m,2-5 m,2-5 m,Less than 2 m,Over 5 m,2-5 m,2-5 m,2-5 m,
06/07/2026 12:29 PM,Terri-Lynn,Sunny,80,0,49,Stress-Related - Vigilance,,109,114,Stress-Related - Vigilance,,121,126,Stress-Related - Vigilance,,235,311,Stress-Related - Vigilance,,338,340,Stress-Related - Yawn,,353,411,Stress-Related - Self-groom,,420,438,Stress-Related - Self-groom,,505,513,Stress-Related - Vigilance,,541,553,Affiliative - Mutual grooming,Artemis,659,714,Stress-Related - Vigilance,,1106,1114,Stress-Related - Vigilance,,1403,1445,Stress-Related - Vigilance,,,,,,,,,,,,,,,,,,,,,,,,,,,,,,,,,,,,,,,,,,,,,,,,,,,,,,,,,,,,,,,,,,,,,,,,,,,,,,,,,,Other,Other,Other,Rest,Rest,Rest,Rest,Rest,,,,,,,,,Over 5 m,Over 5 m,2-5 m,2-5 m,2-5 m,2-5 m,2-5 m,2-5 m,Over 5 m,Over 5 m,Over 5 m,Over 5 m,Over 5 m,Over 5 m,Over 5 m,Over 5 m,
06/07/2026 12:13 PM,Artemis,Sunny,80,0,21,Stress-Related - Vigilance,,21,44,Stress-Related - Self-groom,,326,336,Stress-Related - Vigilance,,341,348,Stress-Related - Vigilance,,455,520,Stress-Related - Vigilance,,547,655,Stress-Related - Vigilance,,655,659,Stress-Related - Self-scratch,,659,745,Stress-Related - Vigilance,,809,1252,Stress-Related - Vigilance,,1307,1456,Stress-Related - Vigilance,,,,,,,,,,,,,,,,,,,,,,,,,,,,,,,,,,,,,,,,,,,,,,,,,,,,,,,,,,,,,,,,,,,,,,,,,,,,,,,,,,,,,,,,,,Other,Rest,Rest,Other,Locomotion,Other,Other,Other,2-5 m,2-5 m,2-5 m,Over 5 m,2-5 m,Over 5 m,Over 5 m,Over 5 m,,,,,,,,,Over 5 m,Over 5 m,Over 5 m,2-5 m,2-5 m,Over 5 m,Over 5 m,Over 5 m,
06/07/2026 11:57 AM,Calamity Jane,Sunny,79,0,35,Stress-Related - Vigilance,,48,146,Stress-Related - Vigilance,,229,251,Stress-Related - Vigilance,,329,335,Stress-Related - Vigilance,,516,526,Stress-Related - Vigilance,,526,700,Stress-Related - Self-groom,,700,713,Stress-Related - Vigilance,,713,717,Stress-Related - Self-scratch,,717,740,Stress-Related - Vigilance,,740,831,Stress-Related - Self-groom,,831,845,Stress-Related - Vigilance,,850,857,Stress-Related - Self-groom,,922,943,Stress-Related - Vigilance,,958,1003,Stress-Related - Self-groom,,1003,1013,Stress-Related - Vigilance,,1124,1225,Stress-Related - Vigilance,,1225,1228,Stress-Related - Self-groom,,1228,1240,Stress-Related - Vigilance,,1240,1246,Stress-Related - Self-groom,,1246,1259,Stress-Related - Vigilance,,1413,1434,Stress-Related - Vigilance,,1436,1456,Stress-Related - Self-groom,,1456,1500,Stress-Related - Vigilance,,,,,,,,,,,,,,,,,,,,,,,,,,,,,,,,,,,,,,Other,Rest,Rest,Other,Other,Other,Other,Rest,2-5 m,2-5 m,2-5 m,2-5 m,2-5 m,2-5 m,2-5 m,2-5 m,2-5 m,2-5 m,2-5 m,2-5 m,2-5 m,2-5 m,2-5 m,2-5 m,,,,,,,,,
06/03/2026 03:15 PM,Terri-Lynn,Sunny,76,0,1500,Affiliative - Contact sit,"Artemis, Calamity Jane",20,29,Affiliative - Receive grooming,Calamity Jane,803,920,Stress-Related - Vigilance,,920,927,Affiliative - Receive grooming,Calamity Jane,927,949,Affiliative - Mutual grooming,Calamity Jane,949,956,Affiliative - Receive grooming,Calamity Jane,,,,,,,,,,,,,,,,,,,,,,,,,,,,,,,,,,,,,,,,,,,,,,,,,,,,,,,,,,,,,,,,,,,,,,,,,,,,,,,,,,,,,,,,,,,,,,,,,,,,,,,,,Other,Rest,Rest,Rest,Rest,Rest,Rest,Rest,,,,,,,,,Body contact,Body contact,Body contact,Body contact,Body contact,Body contact,Body contact,Body contact,Body contact,Body contact,Body contact,Body contact,Body contact,Body contact,Body contact,Body contact,
06/03/2026 02:29 PM,Artemis,Sunny,76,0,1500,Affiliative - Contact sit,"Terri-Lynn, Calamity Jane",728,811,Stress-Related - Vigilance,,901,903,Stress-Related - Yawn,,1029,1032,Stress-Related - Yawn,,1042,1059,Affiliative - Give grooming,Calamity Jane,1103,1122,Affiliative - Mutual grooming,Calamity Jane,1130,1132,Stress-Related - Yawn,,1132,1139,Stress-Related - Self-groom,,1139,1152,Stress-Related - Vigilance,,1152,1213,Stress-Related - Self-groom,,1424,1436,Stress-Related - Self-groom,,,,,,,,,,,,,,,,,,,,,,,,,,,,,,,,,,,,,,,,,,,,,,,,,,,,,,,,,,,,,,,,,,,,,,,,,,,,,,,,,,,,,,Rest,Rest,Rest,Rest,Other,Rest,Other,Rest,Body contact,Body contact,Body contact,Body contact,Body contact,Body contact,Body contact,Body contact,,,,,,,,,Body contact,Body contact,Body contact,Body contact,Body contact,Body contact,Body contact,Body contact,
06/03/2026 02:14 PM,Calamity Jane,Sunny,76,0,1500,Affiliative - Contact sit,"Terri-Lynn, Artemis",28,36,Stress-Related - Self-groom,,533,602,Stress-Related - Vigilance,,647,652,Stress-Related - Vigilance,,903,913,Stress-Related - Vigilance,,1044,1048,Stress-Related - Vigilance,,,,,,,,,,,,,,,,,,,,,,,,,,,,,,,,,,,,,,,,,,,,,,,,,,,,,,,,,,,,,,,,,,,,,,,,,,,,,,,,,,,,,,,,,,,,,,,,,,,,,,,,,,Rest,Rest,Rest,Other,Rest,Rest,Rest,Rest,Body contact,Body contact,Body contact,Body contact,Body contact,Body contact,Body contact,Body contact,Body contact,Body contact,Body contact,Body contact,Body contact,Body contact,Body contact,Body contact,,,,,,,,,
06/03/2026 12:52 PM,Artemis,Sunny,75,0,119,Stress-Related - Vigilance,,119,127,Stress-Related - Self-groom,,134,146,Stress-Related - Self-groom,,146,201,Stress-Related - Vigilance,,201,212,Stress-Related - Self-groom,,212,240,Stress-Related - Vigilance,,240,328,Stress-Related - Self-groom,,328,415,Stress-Related - Vigilance,,415,437,Stress-Related - Self-groom,,437,502,Stress-Related - Vigilance,,502,516,Stress-Related - Self-groom,,534,550,Stress-Related - Vigilance,,555,603,Stress-Related - Vigilance,,605,610,Stress-Related - Self-groom,,610,907,Stress-Related - Vigilance,,915,1003,Stress-Related - Vigilance,,1123,1135,Stress-Related - Vigilance,,1245,1500,Stress-Related - Vigilance,,,,,,,,,,,,,,,,,,,,,,,,,,,,,,,,,,,,,,,,,,,,,,,,,,,,,,,,,,Other,Other,Other,Other,Other,Other,Forage,Other,2-5 m,2-5 m,2-5 m,2-5 m,2-5 m,2-5 m,2-5 m,2-5 m,,,,,,,,,2-5 m,2-5 m,2-5 m,2-5 m,2-5 m,2-5 m,2-5 m,2-5 m,
06/03/2026 12:37 PM,Terri-Lynn,Sunny,75,0,225,Stress-Related - Vigilance,,244,331,Stress-Related - Vigilance,,436,535,Stress-Related - Vigilance,,829,837,Stress-Related - Vigilance,,1014,1057,Stress-Related - Vigilance,,1140,1148,Stress-Related - Self-groom,,1155,1209,Stress-Related - Self-groom,,1300,1419,Stress-Related - Vigilance,,1437,1500,Stress-Related - Vigilance,,,,,,,,,,,,,,,,,,,,,,,,,,,,,,,,,,,,,,,,,,,,,,,,,,,,,,,,,,,,,,,,,,,,,,,,,,,,,,,,,,,,,,,,,,,,,,Other,Other,Rest,Rest,Rest,Rest,Other,Other,,,,,,,,,2-5 m,2-5 m,2-5 m,2-5 m,2-5 m,2-5 m,Less than 2 m,2-5 m,Less than 2 m,Over 5 m,Over 5 m,2-5 m,2-5 m,2-5 m,Less than 2 m,Less than 2 m,
06/03/2026 12:22 PM,Calamity Jane,Sunny,75,0,209,Affiliative - Contact sit,Terri-Lynn,0,24,Affiliative - Mutual grooming,Terri-Lynn,24,36,Affiliative - Give grooming,Terri-Lynn,36,229,Affiliative - Mutual grooming,,229,342,Affiliative - Receive grooming,Terri-Lynn,342,349,Stress-Related - Self-groom,,356,407,Stress-Related - Self-groom,,417,726,Affiliative - Contact sit,,424,512,Stress-Related - Vigilance,,512,519,Stress-Related - Self-scratch,,543,615,Stress-Related - Self-groom,,640,721,Stress-Related - Self-groom,,828,854,Stress-Related - Vigilance,,928,1500,Stress-Related - Vigilance,,1411,1413,Stress-Related - Self-groom,,,,,,,,,,,,,,,,,,,,,,,,,,,,,,,,,,,,,,,,,,,,,,,,,,,,,,,,,,,,,,,,,,,,,,Social,Social,Other,Other,Other,Other,Other,Other,Body contact,Body contact,Less than 2 m,Body contact,2-5 m,2-5 m,2-5 m,2-5 m,2-5 m,2-5 m,2-5 m,Over 5 m,Over 5 m,Over 5 m,Over 5 m,Over 5 m,,,,,,,,,
06/01/2026 03:53 PM,Calamity Jane,Sunny,80,0,1500,Affiliative - Contact sit,Terri-Lynn,48,56,Stress-Related - Vigilance,,146,208,Stress-Related - Vigilance,,818,846,Stress-Related - Vigilance,,909,917,Stress-Related - Vigilance,,,,,,,,,,,,,,,,,,,,,,,,,,,,,,,,,,,,,,,,,,,,,,,,,,,,,,,,,,,,,,,,,,,,,,,,,,,,,,,,,,,,,,,,,,,,,,,,,,,,,,,,,,,,,,Rest,Other,Rest,Rest,Rest,Rest,Rest,Rest,Body contact,Body contact,Body contact,Body contact,Body contact,Body contact,Body contact,Body contact,Less than 2 m,Less than 2 m,Less than 2 m,Less than 2 m,Less than 2 m,Less than 2 m,Less than 2 m,Less than 2 m,,,,,,,,,
06/01/2026 03:37 PM,Artemis,Sunny,80,0,102,Stress-Related - Vigilance,,102,106,Stress-Related - Self-groom,,155,316,Stress-Related - Vigilance,,359,409,Stress-Related - Vigilance,,538,550,Affiliative - Give grooming,Terri-Lynn,550,603,Affiliative - Give grooming,Calamity Jane,603,623,Affiliative - Give grooming,Terri-Lynn,623,635,Affiliative - Mutual grooming,Terri-Lynn,635,730,Affiliative - Give grooming,Terri-Lynn,755,801,Stress-Related - Self-groom,,801,1500,Affiliative - Contact sit,Terri-Lynn,1332,1500,Affiliative - Contact sit,Calamity Jane,1354,1407,Stress-Related - Vigilance,,1425,1500,Stress-Related - Self-groom,,,,,,,,,,,,,,,,,,,,,,,,,,,,,,,,,,,,,,,,,,,,,,,,,,,,,,,,,,,,,,,,,,,,,,,,,,Other,Other,Other,Social,Social,Rest,Rest,Other,2-5 m,Over 5 m,2-5 m,Body contact,Body contact,Body contact,Body contact,Body contact,,,,,,,,,2-5 m,Over 5 m,2-5 m,Body contact,Body contact,2-5 m,2-5 m,Body contact,
06/01/2026 03:00 PM,Terri-Lynn,Sunny,80,0,1500,Affiliative - Contact sit,"Artemis, Calamity Jane",,,,,,,,,,,,,,,,,,,,,,,,,,,,,,,,,,,,,,,,,,,,,,,,,,,,,,,,,,,,,,,,,,,,,,,,,,,,,,,,,,,,,,,,,,,,,,,,,,,,,,,,,,,,,,,,,,,,,,,,,,,,,Rest,Rest,Rest,Rest,Rest,Rest,Rest,Rest,,,,,,,,,Body contact,Body contact,Body contact,Body contact,Body contact,Body contact,Body contact,Body contact,Body contact,Body contact,Body contact,Body contact,Body contact,Body contact,Body contact,Body contact,
06/01/2026 01:11 PM,Calamity Jane,Cloudy,77,0,131,Stress-Related - Vigilance,,131,135,Stress-Related - Self-scratch,,135,937,Stress-Related - Vigilance,,937,942,Stress-Related - Self-scratch,,942,958,Stress-Related - Self-groom,,958,1038,Stress-Related - Vigilance,,1038,1102,Stress-Related - Self-groom,,1118,1136,Stress-Related - Vigilance,,1143,1259,Affiliative - Mutual grooming,Terri-Lynn,1143,1303,Affiliative - Contact sit,Terri-Lynn,1309,1316,Stress-Related - Self-groom,,1336,1338,Stress-Related - Self-groom,,1338,1429,Stress-Related - Vigilance,,1441,1500,Stress-Related - Vigilance,,,,,,,,,,,,,,,,,,,,,,,,,,,,,,,,,,,,,,,,,,,,,,,,,,,,,,,,,,,,,,,,,,,,,,,,,,Other,Other,Other,Other,Other,Other,Social,Other,2-5 m,2-5 m,2-5 m,2-5 m,2-5 m,2-5 m,Body contact,Less than 2 m,2-5 m,Over 5 m,Over 5 m,2-5 m,Over 5 m,2-5 m,2-5 m,2-5 m,,,,,,,,,
06/01/2026 12:55 PM,Terri-Lynn,Cloudy,77,0,153,Stress-Related - Vigilance,,155,203,Stress-Related - Self-groom,,218,223,Stress-Related - Self-groom,,230,241,Stress-Related - Self-groom,,300,830,Stress-Related - Vigilance,,830,844,Stress-Related - Self-groom,,844,1020,Stress-Related - Vigilance,,1020,1033,Stress-Related - Self-groom,,1033,1100,Stress-Related - Vigilance,,1116,1123,Stress-Related - Self-scratch,,1123,1141,Stress-Related - Vigilance,,1141,1151,Stress-Related - Self-scratch,,1151,1323,Stress-Related - Vigilance,,1356,1500,Stress-Related - Vigilance,,,,,,,,,,,,,,,,,,,,,,,,,,,,,,,,,,,,,,,,,,,,,,,,,,,,,,,,,,,,,,,,,,,,,,,,,,Other,Other,Other,Other,Other,Other,Other,Other,,,,,,,,,Over 5 m,2-5 m,2-5 m,2-5 m,2-5 m,2-5 m,2-5 m,2-5 m,2-5 m,2-5 m,2-5 m,2-5 m,2-5 m,2-5 m,2-5 m,2-5 m,
06/01/2026 12:39 PM,Artemis,Cloudy,77,0,941,Affiliative - Contact sit,Calamity Jane,110,113,Stress-Related - Vigilance,,319,326,Stress-Related - Vigilance,,428,433,Stress-Related - Vigilance,,443,456,Stress-Related - Self-groom,,900,1017,Stress-Related - Vigilance,,1017,1042,Stress-Related - Self-groom,,1105,1141,Stress-Related - Vigilance,,1141,1145,Affiliative - Give grooming,Terri-Lynn,1145,1148,Affiliative - Give grooming,Calamity Jane,1236,1238,Stress-Related - Self-scratch,,1249,1500,Stress-Related - Vigilance,,,,,,,,,,,,,,,,,,,,,,,,,,,,,,,,,,,,,,,,,,,,,,,,,,,,,,,,,,,,,,,,,,,,,,,,,,,,,,,,,,Rest,Rest,Rest,Rest,Rest,Other,Other,Other,Less than 2 m,Less than 2 m,Less than 2 m,Less than 2 m,Less than 2 m,Less than 2 m,Less than 2 m,2-5 m,,,,,,,,,Body contact,Body contact,Body contact,Body contact,Body contact,Less than 2 m,Less than 2 m,2-5 m,
05/30/2026 01:24 PM,Calamity Jane,Cloudy,80,35,41,Stress-Related - Vigilance,,408,412,Stress-Related - Vigilance,,725,1026,Stress-Related - Vigilance,,1026,1103,Stress-Related - Self-groom,,1103,1241,Stress-Related - Vigilance,,1300,1500,Stress-Related - Vigilance,,1346,1352,Stress-Related - Self-scratch,,,,,,,,,,,,,,,,,,,,,,,,,,,,,,,,,,,,,,,,,,,,,,,,,,,,,,,,,,,,,,,,,,,,,,,,,,,,,,,,,,,,,,,,,,,,,,,,,,,,,,Rest,Rest,Rest,Rest,Other,Other,Other,Other,2-5 m,2-5 m,2-5 m,2-5 m,2-5 m,2-5 m,2-5 m,2-5 m,Over 5 m,2-5 m,2-5 m,2-5 m,Over 5 m,2-5 m,2-5 m,2-5 m,,,,,,,,,
05/30/2026 01:08 PM,Artemis,Cloudy,80,0,207,Stress-Related - Vigilance,,207,227,Stress-Related - Self-groom,,227,244,Stress-Related - Vigilance,,244,258,Stress-Related - Self-groom,,258,423,Stress-Related - Vigilance,,437,546,Stress-Related - Vigilance,,546,600,Stress-Related - Self-groom,,600,610,Stress-Related - Vigilance,,610,612,Stress-Related - Self-scratch,,612,636,Stress-Related - Self-groom,,636,737,Stress-Related - Vigilance,,745,800,Stress-Related - Self-groom,,800,954,Stress-Related - Vigilance,,934,939,Stress-Related - Self-scratch,,1017,1050,Stress-Related - Vigilance,,1210,1402,Stress-Related - Vigilance,,1422,1453,Stress-Related - Vigilance,,,,,,,,,,,,,,,,,,,,,,,,,,,,,,,,,,,,,,,,,,,,,,,,,,,,,,,,,,,,,,Other,Other,Other,Other,Other,Locomotion,Other,Other,2-5 m,2-5 m,2-5 m,2-5 m,2-5 m,2-5 m,Over 5 m,Over 5 m,,,,,,,,,2-5 m,2-5 m,2-5 m,2-5 m,2-5 m,2-5 m,Over 5 m,Over 5 m,
05/30/2026 12:48 PM,Terri-Lynn,Cloudy,80,18,31,Stress-Related - Vigilance,,316,326,Stress-Related - Self-groom,,326,352,Stress-Related - Vigilance,,400,502,Affiliative - Contact sit,Calamity Jane,400,502,Affiliative - Mutual grooming,Calamity Jane,530,537,Stress-Related - Self-groom,,558,604,Stress-Related - Vigilance,,715,718,Stress-Related - Vigilance,,856,911,Stress-Related - Vigilance,,911,913,Stress-Related - Yawn,,1003,1151,Stress-Related - Vigilance,,1152,1201,Stress-Related - Self-groom,,1222,1319,Stress-Related - Vigilance,,1334,1340,Stress-Related - Vigilance,,1355,1402,Stress-Related - Vigilance,,1420,1500,Stress-Related - Vigilance,,,,,,,,,,,,,,,,,,,,,,,,,,,,,,,,,,,,,,,,,,,,,,,,,,,,,,,,,,,,,,,,,,Rest,Rest,Social,Other,Rest,Other,Other,Other,,,,,,,,,2-5 m,2-5 m,2-5 m,2-5 m,2-5 m,Less than 2 m,2-5 m,2-5 m,2-5 m,2-5 m,Body contact,Less than 2 m,Less than 2 m,Less than 2 m,Less than 2 m,2-5 m,
05/29/2026 03:08 PM,Calamity Jane,Cloudy,81,0,1500,Affiliative - Contact sit,Terri-Lynn,446,456,Stress-Related - Vigilance,,456,505,Stress-Related - Self-groom,,1258,1303,Stress-Related - Self-scratch,,1303,1318,Stress-Related - Vigilance,,1318,1331,Affiliative - Receive grooming,Terri-Lynn,1331,1340,Affiliative - Mutual grooming,Terri-Lynn,1340,1401,Affiliative - Give grooming,Terri-Lynn,,,,,,,,,,,,,,,,,,,,,,,,,,,,,,,,,,,,,,,,,,,,,,,,,,,,,,,,,,,,,,,,,,,,,,,,,,,,,,,,,,,,,,,,,,,,,,,,,Rest,Rest,Rest,Rest,Rest,Rest,Rest,Social,Body contact,Body contact,Body contact,Body contact,Body contact,Body contact,Body contact,Body contact,Over 5 m,Over 5 m,Over 5 m,Over 5 m,Over 5 m,Over 5 m,Over 5 m,Over 5 m,,,,,,,,,
05/29/2026 02:51 PM,Artemis,Cloudy,81,149,157,Stress-Related - Vigilance,,227,232,Stress-Related - Self-groom,,232,246,Stress-Related - Vigilance,,246,315,Stress-Related - Self-groom,,315,341,Stress-Related - Vigilance,,458,644,Stress-Related - Vigilance,,706,719,Stress-Related - Vigilance,,800,855,Stress-Related - Vigilance,,855,902,Stress-Related - Self-groom,,926,1030,Stress-Related - Vigilance,,1036,1048,Stress-Related - Self-groom,,1048,1118,Stress-Related - Vigilance,,1118,1135,Stress-Related - Self-groom,,1141,1200,Stress-Related - Self-groom,,,,,,,,,,,,,,,,,,,,,,,,,,,,,,,,,,,,,,,,,,,,,,,,,,,,,,,,,,,,,,,,,,,,,,,,,,Locomotion,Other,Forage,Other,Other,Other,Rest,Rest,2-5 m,2-5 m,Over 5 m,Over 5 m,Over 5 m,Over 5 m,Over 5 m,Over 5 m,,,,,,,,,Over 5 m,2-5 m,Over 5 m,Over 5 m,Over 5 m,Over 5 m,Over 5 m,Over 5 m,
05/29/2026 02:36 PM,Terri-Lynn,Cloudy,81,0,1040,Affiliative - Contact sit,"Artemis, Calamity Jane",601,621,Stress-Related - Self-groom,,759,810,Stress-Related - Self-groom,,917,919,Stress-Related - Yawn,,921,930,Stress-Related - Self-groom,,938,1014,Affiliative - Mutual grooming,Calamity Jane,1014,1016,Stress-Related - Yawn,,1131,1142,Stress-Related - Vigilance,,1150,1256,Stress-Related - Vigilance,,1311,1319,Stress-Related - Self-groom,,1319,1500,Stress-Related - Vigilance,,,,,,,,,,,,,,,,,,,,,,,,,,,,,,,,,,,,,,,,,,,,,,,,,,,,,,,,,,,,,,,,,,,,,,,,,,,,,,,,,,,,,,Rest,Rest,Rest,Rest,Other,Social,Other,Other,,,,,,,,,Body contact,Body contact,Body contact,Body contact,Body contact,Body contact,Over 5 m,Over 5 m,Body contact,Body contact,Body contact,Body contact,Body contact,Body contact,Over 5 m,2-5 m,
05/27/2026 02:37 PM,Terri-Lynn,Sunny,88,0,449,Stress-Related - Vigilance,,449,457,Stress-Related - Self-groom,,457,1053,Stress-Related - Vigilance,,902,909,Stress-Related - Pacing,,1053,1103,Agonistic - Charge,Adjacent group,1115,1130,Stress-Related - Pacing,,1145,1212,Stress-Related - Vigilance,,1357,1500,Stress-Related - Vigilance,,,,,,,,,,,,,,,,,,,,,,,,,,,,,,,,,,,,,,,,,,,,,,,,,,,,,,,,,,,,,,,,,,,,,,,,,,,,,,,,,,,,,,,,,,,,,,,,,,Other,Other,Other,Other,Other,Other,Other,Other,,,,,,,,,Less than 2 m,2-5 m,Less than 2 m,Over 5 m,Less than 2 m,Less than 2 m,2-5 m,Over 5 m,Less than 2 m,Over 5 m,Less than 2 m,2-5 m,Less than 2 m,Less than 2 m,2-5 m,Over 5 m,
05/27/2026 02:21 PM,Artemis,Sunny,88,0,1500,Stress-Related - Vigilance,,637,645,Agonistic - Chase,Adjacent group,949,1002,Stress-Related - Pacing,,1035,1038,Stress-Related - Pacing,,1059,1107,Stress-Related - Pacing,,1220,1230,Stress-Related - Pacing,,1245,1250,Stress-Related - Self-groom,,1352,1356,Stress-Related - Pacing,,,,,,,,,,,,,,,,,,,,,,,,,,,,,,,,,,,,,,,,,,,,,,,,,,,,,,,,,,,,,,,,,,,,,,,,,,,,,,,,,,,,,,,,,,,,,,,,,,Other,Other,Other,Other,Other,Other,Other,Other,Less than 2 m,Less than 2 m,2-5 m,2-5 m,2-5 m,2-5 m,2-5 m,Less than 2 m,,,,,,,,,2-5 m,2-5 m,2-5 m,2-5 m,2-5 m,2-5 m,Less than 2 m,Less than 2 m,
05/27/2026 02:06 PM,Calamity Jane,Sunny,88,0,109,Stress-Related - Vigilance,,117,121,Stress-Related - Vigilance,,330,356,Stress-Related - Vigilance,,458,743,Stress-Related - Vigilance,,743,804,Stress-Related - Self-groom,,804,842,Stress-Related - Vigilance,,937,947,Stress-Related - Vigilance,,1004,1013,Stress-Related - Vigilance,,1045,1420,Stress-Related - Vigilance,,1235,1250,Agonistic - Chase,Adjacent group,1420,1433,Stress-Related - Self-groom,,1433,1500,Stress-Related - Vigilance,,,,,,,,,,,,,,,,,,,,,,,,,,,,,,,,,,,,,,,,,,,,,,,,,,,,,,,,,,,,,,,,,,,,,,,,,,,,,,,,,,Other,Rest,Other,Other,Other,Rest,Other,Other,Less than 2 m,Less than 2 m,Less than 2 m,2-5 m,2-5 m,2-5 m,Less than 2 m,2-5 m,2-5 m,2-5 m,2-5 m,2-5 m,Less than 2 m,Less than 2 m,Less than 2 m,2-5 m,,,,,,,,,Artemis chased tyann and orion
05/25/2026 03:42 PM,Artemis,Sunny,86,0,102,Affiliative - Contact sit,Terri-Lynn,0,38,Affiliative - Mutual grooming,Terri-Lynn,38,54,Affiliative - Receive grooming,Terri-Lynn,140,151,Stress-Related - Self-groom,,240,1500,Affiliative - Contact sit,Terri-Lynn,334,338,Stress-Related - Vigilance,,411,429,Stress-Related - Vigilance,,451,525,Stress-Related - Vigilance,,525,529,Stress-Related - Self-scratch,,546,557,Stress-Related - Vigilance,,745,749,Stress-Related - Vigilance,,815,819,Affiliative - Give grooming,Terri-Lynn,1428,1434,Affiliative - Give grooming,Terri-Lynn,,,,,,,,,,,,,,,,,,,,,,,,,,,,,,,,,,,,,,,,,,,,,,,,,,,,,,,,,,,,,,,,,,,,,,,,,,,,,Social,Rest,Rest,Rest,Rest,Rest,Rest,Rest,Body contact,Less than 2 m,Body contact,Body contact,Body contact,Body contact,Body contact,Body contact,,,,,,,,,Over 5 m,Over 5 m,Over 5 m,Over 5 m,Over 5 m,Over 5 m,Over 5 m,2-5 m,
05/25/2026 03:26 PM,Calamity Jane,Sunny,86,118,221,Stress-Related - Vigilance,,308,321,Stress-Related - Vigilance,,337,342,Stress-Related - Self-groom,,401,408,Stress-Related - Self-groom,,451,457,Stress-Related - Self-groom,,659,711,Stress-Related - Vigilance,,743,749,Stress-Related - Vigilance,,913,941,Stress-Related - Vigilance,,1059,1108,Stress-Related - Self-groom,,1108,1201,Stress-Related - Vigilance,,1237,1258,Stress-Related - Vigilance,,,,,,,,,,,,,,,,,,,,,,,,,,,,,,,,,,,,,,,,,,,,,,,,,,,,,,,,,,,,,,,,,,,,,,,,,,,,,,,,,,,,,,Other,Other,Other,Rest,Rest,Rest,Other,Rest,Over 5 m,Over 5 m,Over 5 m,Over 5 m,Over 5 m,Over 5 m,Over 5 m,Over 5 m,Over 5 m,Over 5 m,Over 5 m,Over 5 m,Over 5 m,Over 5 m,Over 5 m,Over 5 m,,,,,,,,,
05/25/2026 03:10 PM,Terri-Lynn,Sunny,86,0,19,Affiliative - Contact sit,Calamity Jane,38,109,Stress-Related - Vigilance,,116,121,Stress-Related - Self-scratch,,133,149,Stress-Related - Vigilance,,240,320,Stress-Related - Vigilance,,343,417,Stress-Related - Vigilance,,431,548,Stress-Related - Vigilance,,607,626,Stress-Related - Vigilance,,654,717,Stress-Related - Vigilance,,849,857,Stress-Related - Self-groom,,915,929,Stress-Related - Vigilance,,1334,1342,Stress-Related - Vigilance,,1354,1404,Stress-Related - Self-groom,,1422,1425,Stress-Related - Vigilance,,1425,1435,Stress-Related - Self-groom,,,,,,,,,,,,,,,,,,,,,,,,,,,,,,,,,,,,,,,,,,,,,,,,,,,,,,,,,,,,,,,,,,,,,,Rest,Rest,Other,Rest,Other,Locomotion,Other,Other,,,,,,,,,Over 5 m,2-5 m,2-5 m,2-5 m,Over 5 m,2-5 m,Less than 2 m,2-5 m,Body contact,Over 5 m,Over 5 m,Over 5 m,2-5 m,2-5 m,Over 5 m,Over 5 m,
05/22/2026 03:37 PM,Calamity Jane,Sunny,85,0,158,Affiliative - Contact sit,Terri-Lynn,158,309,Stress-Related - Vigilance,,353,434,Stress-Related - Vigilance,,452,728,Stress-Related - Vigilance,,740,1143,Stress-Related - Vigilance,,1152,1208,Stress-Related - Self-groom,,1220,1237,Stress-Related - Vigilance,,1300,1302,Stress-Related - Vigilance,,,,,,,,,,,,,,,,,,,,,,,,,,,,,,,,,,,,,,,,,,,,,,,,,,,,,,,,,,,,,,,,,,,,,,,,,,,,,,,,,,,,,,,,,,,,,,,,,,Rest,Other,Other,Other,Other,Other,Other,Rest,Body contact,Over 5 m,2-5 m,2-5 m,2-5 m,2-5 m,Less than 2 m,Less than 2 m,Less than 2 m,Over 5 m,2-5 m,2-5 m,2-5 m,2-5 m,Less than 2 m,Less than 2 m,,,,,,,,,
05/22/2026 03:21 PM,Artemis,Sunny,85,0,38,Affiliative - Mutual grooming,Terri-Lynn,0,1500,Affiliative - Contact sit,Terri-Lynn,153,157,Stress-Related - Yawn,,452,502,Stress-Related - Vigilance,,518,537,Stress-Related - Self-groom,,1230,1318,Stress-Related - Vigilance,,1355,1413,Stress-Related - Vigilance,,,,,,,,,,,,,,,,,,,,,,,,,,,,,,,,,,,,,,,,,,,,,,,,,,,,,,,,,,,,,,,,,,,,,,,,,,,,,,,,,,,,,,,,,,,,,,,,,,,,,,Social,Rest,Rest,Rest,Rest,Rest,Rest,Other,Body contact,Body contact,Body contact,Body contact,Body contact,Body contact,Body contact,Body contact,,,,,,,,,Less than 2 m,Less than 2 m,Less than 2 m,Less than 2 m,Less than 2 m,Less than 2 m,Less than 2 m,Less than 2 m,
05/22/2026 03:04 PM,Terri-Lynn,Sunny,85,0,1500,Affiliative - Contact sit,"Artemis, Calamity Jane",141,336,Stress-Related - Vigilance,,525,533,Stress-Related - Vigilance,,801,805,Stress-Related - Self-groom,,805,843,Affiliative - Mutual grooming,Artemis,957,904,Affiliative - Receive grooming,Artemis,917,928,Stress-Related - Self-groom,,1228,1230,Stress-Related - Self-groom,,,,,,,,,,,,,,,,,,,,,,,,,,,,,,,,,,,,,,,,,,,,,,,,,,,,,,,,,,,,,,,,,,,,,,,,,,,,,,,,,,,,,,,,,,,,,,,,,,Rest,Other,Rest,Rest,Rest,Rest,Rest,Rest,,,,,,,,,Body contact,Body contact,Body contact,Body contact,Body contact,Body contact,Body contact,Body contact,Body contact,Body contact,Body contact,Body contact,Body contact,Body contact,Body contact,Body contact,
